,position,name,struct
0,37,A',alpha_helix
1,38,A',alpha_helix
2,39,A',alpha_helix
3,40,A',alpha_helix
4,41,A',alpha_helix
5,42,A',alpha_helix
6,43,A',alpha_helix
7,46,A,alpha_helix
8,47,A,alpha_helix
9,48,A,alpha_helix
10,49,A,alpha_helix
11,50,A,alpha_helix
12,51,A,alpha_helix
13,52,A,alpha_helix
14,53,A,alpha_helix
15,54,A,alpha_helix
16,55,A,alpha_helix
17,56,A,alpha_helix
18,57,A,alpha_helix
19,58,A,alpha_helix
20,59,A,alpha_helix
21,60,A,alpha_helix
22,61,A,alpha_helix
23,62,A,alpha_helix
24,79,B,alpha_helix
25,80,B,alpha_helix
26,81,B,alpha_helix
27,82,B,alpha_helix
28,83,B,alpha_helix
29,84,B,alpha_helix
30,85,B,alpha_helix
31,86,B,alpha_helix
32,87,B,alpha_helix
33,88,B,alpha_helix
34,91,B',alpha_helix
35,92,B',alpha_helix
36,93,B',alpha_helix
37,94,B',alpha_helix
38,104,C',alpha_helix
39,105,C',alpha_helix
40,106,C',alpha_helix
41,107,C',alpha_helix
42,116,C,alpha_helix
43,117,C,alpha_helix
44,118,C,alpha_helix
45,119,C,alpha_helix
46,120,C,alpha_helix
47,121,C,alpha_helix
48,122,C,alpha_helix
49,123,C,alpha_helix
50,124,C,alpha_helix
51,125,C,alpha_helix
52,126,C,alpha_helix
53,127,C,alpha_helix
54,128,C,alpha_helix
55,129,C,alpha_helix
56,130,C,alpha_helix
57,131,C,alpha_helix
58,140,D,alpha_helix
59,141,D,alpha_helix
60,142,D,alpha_helix
61,143,D,alpha_helix
62,144,D,alpha_helix
63,145,D,alpha_helix
64,146,D,alpha_helix
65,147,D,alpha_helix
66,148,D,alpha_helix
67,149,D,alpha_helix
68,150,D,alpha_helix
69,151,D,alpha_helix
70,152,D,alpha_helix
71,153,D,alpha_helix
72,154,D,alpha_helix
73,155,D,alpha_helix
74,156,D,alpha_helix
75,157,D,alpha_helix
76,158,D,alpha_helix
77,166,E,alpha_helix
78,167,E,alpha_helix
79,168,E,alpha_helix
80,169,E,alpha_helix
81,170,E,alpha_helix
82,171,E,alpha_helix
83,172,E,alpha_helix
84,173,E,alpha_helix
85,174,E,alpha_helix
86,175,E,alpha_helix
87,176,E,alpha_helix
88,177,E,alpha_helix
89,178,E,alpha_helix
90,179,E,alpha_helix
91,180,E,alpha_helix
92,181,E,alpha_helix
93,182,E,alpha_helix
94,183,E,alpha_helix
95,184,E,alpha_helix
96,191,F,alpha_helix
97,192,F,alpha_helix
98,193,F,alpha_helix
99,194,F,alpha_helix
100,195,F,alpha_helix
101,196,F,alpha_helix
102,197,F,alpha_helix
103,198,F,alpha_helix
104,199,F,alpha_helix
105,200,F,alpha_helix
106,201,F,alpha_helix
107,202,F,alpha_helix
108,203,F,alpha_helix
109,204,F,alpha_helix
110,205,F,alpha_helix
111,206,F,alpha_helix
112,207,F,alpha_helix
113,208,F,alpha_helix
114,209,F,alpha_helix
115,211,F',alpha_helix
116,212,F',alpha_helix
117,213,F',alpha_helix
118,214,F',alpha_helix
119,215,F',alpha_helix
120,216,F',alpha_helix
121,217,F',alpha_helix
122,218,F',alpha_helix
123,222,G',alpha_helix
124,223,G',alpha_helix
125,224,G',alpha_helix
126,225,G',alpha_helix
127,229,G,alpha_helix
128,230,G,alpha_helix
129,231,G,alpha_helix
130,232,G,alpha_helix
131,233,G,alpha_helix
132,234,G,alpha_helix
133,235,G,alpha_helix
134,236,G,alpha_helix
135,237,G,alpha_helix
136,238,G,alpha_helix
137,239,G,alpha_helix
138,240,G,alpha_helix
139,241,G,alpha_helix
140,242,G,alpha_helix
141,243,G,alpha_helix
142,244,G,alpha_helix
143,245,G,alpha_helix
144,246,G,alpha_helix
145,247,G,alpha_helix
146,248,G,alpha_helix
147,249,G,alpha_helix
148,250,G,alpha_helix
149,251,G,alpha_helix
150,252,G,alpha_helix
151,253,G,alpha_helix
152,254,G,alpha_helix
153,262,H,alpha_helix
154,263,H,alpha_helix
155,264,H,alpha_helix
156,265,H,alpha_helix
157,266,H,alpha_helix
158,267,H,alpha_helix
159,268,H,alpha_helix
160,269,H,alpha_helix
161,270,H,alpha_helix
162,271,H,alpha_helix
163,272,H,alpha_helix
164,273,H,alpha_helix
165,274,H,alpha_helix
166,275,H,alpha_helix
167,283,I,alpha_helix
168,284,I,alpha_helix
169,285,I,alpha_helix
170,286,I,alpha_helix
171,287,I,alpha_helix
172,288,I,alpha_helix
173,289,I,alpha_helix
174,290,I,alpha_helix
175,291,I,alpha_helix
176,292,I,alpha_helix
177,293,I,alpha_helix
178,294,I,alpha_helix
179,295,I,alpha_helix
180,296,I,alpha_helix
181,297,I,alpha_helix
182,298,I,alpha_helix
183,299,I,alpha_helix
184,300,I,alpha_helix
185,301,I,alpha_helix
186,302,I,alpha_helix
187,303,I,alpha_helix
188,304,I,alpha_helix
189,305,I,alpha_helix
190,306,I,alpha_helix
191,307,I,alpha_helix
192,308,I,alpha_helix
193,309,I,alpha_helix
194,310,I,alpha_helix
195,311,I,alpha_helix
196,312,I,alpha_helix
197,313,I,alpha_helix
198,314,I,alpha_helix
199,315,I,alpha_helix
200,317,J,alpha_helix
201,318,J,alpha_helix
202,319,J,alpha_helix
203,320,J,alpha_helix
204,321,J,alpha_helix
205,322,J,alpha_helix
206,323,J,alpha_helix
207,324,J,alpha_helix
208,325,J,alpha_helix
209,326,J,alpha_helix
210,327,J,alpha_helix
211,328,J,alpha_helix
212,329,J,alpha_helix
213,330,J,alpha_helix
214,331,J,alpha_helix
215,338,J',alpha_helix
216,339,J',alpha_helix
217,340,J',alpha_helix
218,341,J',alpha_helix
219,342,J',alpha_helix
220,343,J',alpha_helix
221,345,K,alpha_helix
222,346,K,alpha_helix
223,347,K,alpha_helix
224,348,K,alpha_helix
225,349,K,alpha_helix
226,350,K,alpha_helix
227,351,K,alpha_helix
228,352,K,alpha_helix
229,353,K,alpha_helix
230,354,K,alpha_helix
231,355,K,alpha_helix
232,356,K,alpha_helix
233,357,K,alpha_helix
234,358,K,alpha_helix
235,359,K,alpha_helix
236,360,K,alpha_helix
237,391,K',alpha_helix
238,392,K',alpha_helix
239,393,K',alpha_helix
240,394,K',alpha_helix
241,395,K',alpha_helix
242,396,K',alpha_helix
243,408,K'',alpha_helix
244,409,K'',alpha_helix
245,410,K'',alpha_helix
246,411,K'',alpha_helix
247,412,K'',alpha_helix
248,413,K'',alpha_helix
249,437,L,alpha_helix
250,438,L,alpha_helix
251,439,L,alpha_helix
252,440,L,alpha_helix
253,441,L,alpha_helix
254,442,L,alpha_helix
255,443,L,alpha_helix
256,444,L,alpha_helix
257,445,L,alpha_helix
258,446,L,alpha_helix
259,447,L,alpha_helix
260,448,L,alpha_helix
261,449,L,alpha_helix
262,450,L,alpha_helix
263,451,L,alpha_helix
264,452,L,alpha_helix
265,453,L,alpha_helix
266,454,L,alpha_helix
267,455,L,alpha_helix
0,64,B1-1,beta_sheet
1,65,B1-1,beta_sheet
2,66,B1-1,beta_sheet
3,67,B1-1,beta_sheet
4,68,B1-1,beta_sheet
5,69,B1-1,beta_sheet
6,72,B1-2,beta_sheet
7,73,B1-2,beta_sheet
8,74,B1-2,beta_sheet
9,75,B1-2,beta_sheet
10,76,B1-2,beta_sheet
11,77,B1-2,beta_sheet
12,96,B1-5,beta_sheet
13,97,B1-5,beta_sheet
14,368,B1-4,beta_sheet
15,369,B1-4,beta_sheet
16,374,B2-1,beta_sheet
17,375,B2-1,beta_sheet
18,376,B2-1,beta_sheet
19,379,B2-2,beta_sheet
20,380,B2-2,beta_sheet
21,381,B2-2,beta_sheet
22,386,B1-3,beta_sheet
23,387,B1-3,beta_sheet
24,388,B1-3,beta_sheet
25,389,B1-3,beta_sheet
26,456,B3-1,beta_sheet
27,457,B3-1,beta_sheet
28,458,B3-1,beta_sheet
29,459,B3-1,beta_sheet
30,485,B3-2,beta_sheet
31,486,B3-2,beta_sheet
32,487,B3-2,beta_sheet
33,488,B3-2,beta_sheet
34,489,B3-2,beta_sheet
