position,wt_aa1,mut_aa1
1,M,A
1,M,V
1,M,I
1,M,L
1,M,M
1,M,F
1,M,Y
1,M,W
1,M,S
1,M,T
1,M,N
1,M,Q
1,M,C
1,M,G
1,M,P
1,M,R
1,M,H
1,M,K
1,M,D
1,M,E
1,M,X
2,D,A
2,D,V
2,D,I
2,D,L
2,D,M
2,D,F
2,D,Y
2,D,W
2,D,S
2,D,T
2,D,N
2,D,Q
2,D,C
2,D,G
2,D,P
2,D,R
2,D,H
2,D,K
2,D,D
2,D,E
2,D,X
3,S,A
3,S,V
3,S,I
3,S,L
3,S,M
3,S,F
3,S,Y
3,S,W
3,S,S
3,S,T
3,S,N
3,S,Q
3,S,C
3,S,G
3,S,P
3,S,R
3,S,H
3,S,K
3,S,D
3,S,E
3,S,X
4,L,A
4,L,V
4,L,I
4,L,L
4,L,M
4,L,F
4,L,Y
4,L,W
4,L,S
4,L,T
4,L,N
4,L,Q
4,L,C
4,L,G
4,L,P
4,L,R
4,L,H
4,L,K
4,L,D
4,L,E
4,L,X
5,V,A
5,V,V
5,V,I
5,V,L
5,V,M
5,V,F
5,V,Y
5,V,W
5,V,S
5,V,T
5,V,N
5,V,Q
5,V,C
5,V,G
5,V,P
5,V,R
5,V,H
5,V,K
5,V,D
5,V,E
5,V,X
6,V,A
6,V,V
6,V,I
6,V,L
6,V,M
6,V,F
6,V,Y
6,V,W
6,V,S
6,V,T
6,V,N
6,V,Q
6,V,C
6,V,G
6,V,P
6,V,R
6,V,H
6,V,K
6,V,D
6,V,E
6,V,X
7,L,A
7,L,V
7,L,I
7,L,L
7,L,M
7,L,F
7,L,Y
7,L,W
7,L,S
7,L,T
7,L,N
7,L,Q
7,L,C
7,L,G
7,L,P
7,L,R
7,L,H
7,L,K
7,L,D
7,L,E
7,L,X
8,V,A
8,V,V
8,V,I
8,V,L
8,V,M
8,V,F
8,V,Y
8,V,W
8,V,S
8,V,T
8,V,N
8,V,Q
8,V,C
8,V,G
8,V,P
8,V,R
8,V,H
8,V,K
8,V,D
8,V,E
8,V,X
9,L,A
9,L,V
9,L,I
9,L,L
9,L,M
9,L,F
9,L,Y
9,L,W
9,L,S
9,L,T
9,L,N
9,L,Q
9,L,C
9,L,G
9,L,P
9,L,R
9,L,H
9,L,K
9,L,D
9,L,E
9,L,X
10,C,A
10,C,V
10,C,I
10,C,L
10,C,M
10,C,F
10,C,Y
10,C,W
10,C,S
10,C,T
10,C,N
10,C,Q
10,C,C
10,C,G
10,C,P
10,C,R
10,C,H
10,C,K
10,C,D
10,C,E
10,C,X
11,L,A
11,L,V
11,L,I
11,L,L
11,L,M
11,L,F
11,L,Y
11,L,W
11,L,S
11,L,T
11,L,N
11,L,Q
11,L,C
11,L,G
11,L,P
11,L,R
11,L,H
11,L,K
11,L,D
11,L,E
11,L,X
12,S,A
12,S,V
12,S,I
12,S,L
12,S,M
12,S,F
12,S,Y
12,S,W
12,S,S
12,S,T
12,S,N
12,S,Q
12,S,C
12,S,G
12,S,P
12,S,R
12,S,H
12,S,K
12,S,D
12,S,E
12,S,X
13,C,A
13,C,V
13,C,I
13,C,L
13,C,M
13,C,F
13,C,Y
13,C,W
13,C,S
13,C,T
13,C,N
13,C,Q
13,C,C
13,C,G
13,C,P
13,C,R
13,C,H
13,C,K
13,C,D
13,C,E
13,C,X
14,L,A
14,L,V
14,L,I
14,L,L
14,L,M
14,L,F
14,L,Y
14,L,W
14,L,S
14,L,T
14,L,N
14,L,Q
14,L,C
14,L,G
14,L,P
14,L,R
14,L,H
14,L,K
14,L,D
14,L,E
14,L,X
15,L,A
15,L,V
15,L,I
15,L,L
15,L,M
15,L,F
15,L,Y
15,L,W
15,L,S
15,L,T
15,L,N
15,L,Q
15,L,C
15,L,G
15,L,P
15,L,R
15,L,H
15,L,K
15,L,D
15,L,E
15,L,X
16,L,A
16,L,V
16,L,I
16,L,L
16,L,M
16,L,F
16,L,Y
16,L,W
16,L,S
16,L,T
16,L,N
16,L,Q
16,L,C
16,L,G
16,L,P
16,L,R
16,L,H
16,L,K
16,L,D
16,L,E
16,L,X
17,L,A
17,L,V
17,L,I
17,L,L
17,L,M
17,L,F
17,L,Y
17,L,W
17,L,S
17,L,T
17,L,N
17,L,Q
17,L,C
17,L,G
17,L,P
17,L,R
17,L,H
17,L,K
17,L,D
17,L,E
17,L,X
18,S,A
18,S,V
18,S,I
18,S,L
18,S,M
18,S,F
18,S,Y
18,S,W
18,S,S
18,S,T
18,S,N
18,S,Q
18,S,C
18,S,G
18,S,P
18,S,R
18,S,H
18,S,K
18,S,D
18,S,E
18,S,X
19,L,A
19,L,V
19,L,I
19,L,L
19,L,M
19,L,F
19,L,Y
19,L,W
19,L,S
19,L,T
19,L,N
19,L,Q
19,L,C
19,L,G
19,L,P
19,L,R
19,L,H
19,L,K
19,L,D
19,L,E
19,L,X
20,W,A
20,W,V
20,W,I
20,W,L
20,W,M
20,W,F
20,W,Y
20,W,W
20,W,S
20,W,T
20,W,N
20,W,Q
20,W,C
20,W,G
20,W,P
20,W,R
20,W,H
20,W,K
20,W,D
20,W,E
20,W,X
21,R,A
21,R,V
21,R,I
21,R,L
21,R,M
21,R,F
21,R,Y
21,R,W
21,R,S
21,R,T
21,R,N
21,R,Q
21,R,C
21,R,G
21,R,P
21,R,R
21,R,H
21,R,K
21,R,D
21,R,E
21,R,X
22,Q,A
22,Q,V
22,Q,I
22,Q,L
22,Q,M
22,Q,F
22,Q,Y
22,Q,W
22,Q,S
22,Q,T
22,Q,N
22,Q,Q
22,Q,C
22,Q,G
22,Q,P
22,Q,R
22,Q,H
22,Q,K
22,Q,D
22,Q,E
22,Q,X
23,S,A
23,S,V
23,S,I
23,S,L
23,S,M
23,S,F
23,S,Y
23,S,W
23,S,S
23,S,T
23,S,N
23,S,Q
23,S,C
23,S,G
23,S,P
23,S,R
23,S,H
23,S,K
23,S,D
23,S,E
23,S,X
24,S,A
24,S,V
24,S,I
24,S,L
24,S,M
24,S,F
24,S,Y
24,S,W
24,S,S
24,S,T
24,S,N
24,S,Q
24,S,C
24,S,G
24,S,P
24,S,R
24,S,H
24,S,K
24,S,D
24,S,E
24,S,X
25,G,A
25,G,V
25,G,I
25,G,L
25,G,M
25,G,F
25,G,Y
25,G,W
25,G,S
25,G,T
25,G,N
25,G,Q
25,G,C
25,G,G
25,G,P
25,G,R
25,G,H
25,G,K
25,G,D
25,G,E
25,G,X
26,R,A
26,R,V
26,R,I
26,R,L
26,R,M
26,R,F
26,R,Y
26,R,W
26,R,S
26,R,T
26,R,N
26,R,Q
26,R,C
26,R,G
26,R,P
26,R,R
26,R,H
26,R,K
26,R,D
26,R,E
26,R,X
27,G,A
27,G,V
27,G,I
27,G,L
27,G,M
27,G,F
27,G,Y
27,G,W
27,G,S
27,G,T
27,G,N
27,G,Q
27,G,C
27,G,G
27,G,P
27,G,R
27,G,H
27,G,K
27,G,D
27,G,E
27,G,X
28,K,A
28,K,V
28,K,I
28,K,L
28,K,M
28,K,F
28,K,Y
28,K,W
28,K,S
28,K,T
28,K,N
28,K,Q
28,K,C
28,K,G
28,K,P
28,K,R
28,K,H
28,K,K
28,K,D
28,K,E
28,K,X
29,L,A
29,L,V
29,L,I
29,L,L
29,L,M
29,L,F
29,L,Y
29,L,W
29,L,S
29,L,T
29,L,N
29,L,Q
29,L,C
29,L,G
29,L,P
29,L,R
29,L,H
29,L,K
29,L,D
29,L,E
29,L,X
30,P,A
30,P,V
30,P,I
30,P,L
30,P,M
30,P,F
30,P,Y
30,P,W
30,P,S
30,P,T
30,P,N
30,P,Q
30,P,C
30,P,G
30,P,P
30,P,R
30,P,H
30,P,K
30,P,D
30,P,E
30,P,X
31,P,A
31,P,V
31,P,I
31,P,L
31,P,M
31,P,F
31,P,Y
31,P,W
31,P,S
31,P,T
31,P,N
31,P,Q
31,P,C
31,P,G
31,P,P
31,P,R
31,P,H
31,P,K
31,P,D
31,P,E
31,P,X
32,G,A
32,G,V
32,G,I
32,G,L
32,G,M
32,G,F
32,G,Y
32,G,W
32,G,S
32,G,T
32,G,N
32,G,Q
32,G,C
32,G,G
32,G,P
32,G,R
32,G,H
32,G,K
32,G,D
32,G,E
32,G,X
33,P,A
33,P,V
33,P,I
33,P,L
33,P,M
33,P,F
33,P,Y
33,P,W
33,P,S
33,P,T
33,P,N
33,P,Q
33,P,C
33,P,G
33,P,P
33,P,R
33,P,H
33,P,K
33,P,D
33,P,E
33,P,X
34,T,A
34,T,V
34,T,I
34,T,L
34,T,M
34,T,F
34,T,Y
34,T,W
34,T,S
34,T,T
34,T,N
34,T,Q
34,T,C
34,T,G
34,T,P
34,T,R
34,T,H
34,T,K
34,T,D
34,T,E
34,T,X
35,P,A
35,P,V
35,P,I
35,P,L
35,P,M
35,P,F
35,P,Y
35,P,W
35,P,S
35,P,T
35,P,N
35,P,Q
35,P,C
35,P,G
35,P,P
35,P,R
35,P,H
35,P,K
35,P,D
35,P,E
35,P,X
36,L,A
36,L,V
36,L,I
36,L,L
36,L,M
36,L,F
36,L,Y
36,L,W
36,L,S
36,L,T
36,L,N
36,L,Q
36,L,C
36,L,G
36,L,P
36,L,R
36,L,H
36,L,K
36,L,D
36,L,E
36,L,X
37,P,A
37,P,V
37,P,I
37,P,L
37,P,M
37,P,F
37,P,Y
37,P,W
37,P,S
37,P,T
37,P,N
37,P,Q
37,P,C
37,P,G
37,P,P
37,P,R
37,P,H
37,P,K
37,P,D
37,P,E
37,P,X
38,V,A
38,V,V
38,V,I
38,V,L
38,V,M
38,V,F
38,V,Y
38,V,W
38,V,S
38,V,T
38,V,N
38,V,Q
38,V,C
38,V,G
38,V,P
38,V,R
38,V,H
38,V,K
38,V,D
38,V,E
38,V,X
39,I,A
39,I,V
39,I,I
39,I,L
39,I,M
39,I,F
39,I,Y
39,I,W
39,I,S
39,I,T
39,I,N
39,I,Q
39,I,C
39,I,G
39,I,P
39,I,R
39,I,H
39,I,K
39,I,D
39,I,E
39,I,X
40,G,A
40,G,V
40,G,I
40,G,L
40,G,M
40,G,F
40,G,Y
40,G,W
40,G,S
40,G,T
40,G,N
40,G,Q
40,G,C
40,G,G
40,G,P
40,G,R
40,G,H
40,G,K
40,G,D
40,G,E
40,G,X
41,N,A
41,N,V
41,N,I
41,N,L
41,N,M
41,N,F
41,N,Y
41,N,W
41,N,S
41,N,T
41,N,N
41,N,Q
41,N,C
41,N,G
41,N,P
41,N,R
41,N,H
41,N,K
41,N,D
41,N,E
41,N,X
42,I,A
42,I,V
42,I,I
42,I,L
42,I,M
42,I,F
42,I,Y
42,I,W
42,I,S
42,I,T
42,I,N
42,I,Q
42,I,C
42,I,G
42,I,P
42,I,R
42,I,H
42,I,K
42,I,D
42,I,E
42,I,X
43,L,A
43,L,V
43,L,I
43,L,L
43,L,M
43,L,F
43,L,Y
43,L,W
43,L,S
43,L,T
43,L,N
43,L,Q
43,L,C
43,L,G
43,L,P
43,L,R
43,L,H
43,L,K
43,L,D
43,L,E
43,L,X
44,Q,A
44,Q,V
44,Q,I
44,Q,L
44,Q,M
44,Q,F
44,Q,Y
44,Q,W
44,Q,S
44,Q,T
44,Q,N
44,Q,Q
44,Q,C
44,Q,G
44,Q,P
44,Q,R
44,Q,H
44,Q,K
44,Q,D
44,Q,E
44,Q,X
45,I,A
45,I,V
45,I,I
45,I,L
45,I,M
45,I,F
45,I,Y
45,I,W
45,I,S
45,I,T
45,I,N
45,I,Q
45,I,C
45,I,G
45,I,P
45,I,R
45,I,H
45,I,K
45,I,D
45,I,E
45,I,X
46,G,A
46,G,V
46,G,I
46,G,L
46,G,M
46,G,F
46,G,Y
46,G,W
46,G,S
46,G,T
46,G,N
46,G,Q
46,G,C
46,G,G
46,G,P
46,G,R
46,G,H
46,G,K
46,G,D
46,G,E
46,G,X
47,I,A
47,I,V
47,I,I
47,I,L
47,I,M
47,I,F
47,I,Y
47,I,W
47,I,S
47,I,T
47,I,N
47,I,Q
47,I,C
47,I,G
47,I,P
47,I,R
47,I,H
47,I,K
47,I,D
47,I,E
47,I,X
48,K,A
48,K,V
48,K,I
48,K,L
48,K,M
48,K,F
48,K,Y
48,K,W
48,K,S
48,K,T
48,K,N
48,K,Q
48,K,C
48,K,G
48,K,P
48,K,R
48,K,H
48,K,K
48,K,D
48,K,E
48,K,X
49,D,A
49,D,V
49,D,I
49,D,L
49,D,M
49,D,F
49,D,Y
49,D,W
49,D,S
49,D,T
49,D,N
49,D,Q
49,D,C
49,D,G
49,D,P
49,D,R
49,D,H
49,D,K
49,D,D
49,D,E
49,D,X
50,I,A
50,I,V
50,I,I
50,I,L
50,I,M
50,I,F
50,I,Y
50,I,W
50,I,S
50,I,T
50,I,N
50,I,Q
50,I,C
50,I,G
50,I,P
50,I,R
50,I,H
50,I,K
50,I,D
50,I,E
50,I,X
51,S,A
51,S,V
51,S,I
51,S,L
51,S,M
51,S,F
51,S,Y
51,S,W
51,S,S
51,S,T
51,S,N
51,S,Q
51,S,C
51,S,G
51,S,P
51,S,R
51,S,H
51,S,K
51,S,D
51,S,E
51,S,X
52,K,A
52,K,V
52,K,I
52,K,L
52,K,M
52,K,F
52,K,Y
52,K,W
52,K,S
52,K,T
52,K,N
52,K,Q
52,K,C
52,K,G
52,K,P
52,K,R
52,K,H
52,K,K
52,K,D
52,K,E
52,K,X
53,S,A
53,S,V
53,S,I
53,S,L
53,S,M
53,S,F
53,S,Y
53,S,W
53,S,S
53,S,T
53,S,N
53,S,Q
53,S,C
53,S,G
53,S,P
53,S,R
53,S,H
53,S,K
53,S,D
53,S,E
53,S,X
54,L,A
54,L,V
54,L,I
54,L,L
54,L,M
54,L,F
54,L,Y
54,L,W
54,L,S
54,L,T
54,L,N
54,L,Q
54,L,C
54,L,G
54,L,P
54,L,R
54,L,H
54,L,K
54,L,D
54,L,E
54,L,X
55,T,A
55,T,V
55,T,I
55,T,L
55,T,M
55,T,F
55,T,Y
55,T,W
55,T,S
55,T,T
55,T,N
55,T,Q
55,T,C
55,T,G
55,T,P
55,T,R
55,T,H
55,T,K
55,T,D
55,T,E
55,T,X
56,N,A
56,N,V
56,N,I
56,N,L
56,N,M
56,N,F
56,N,Y
56,N,W
56,N,S
56,N,T
56,N,N
56,N,Q
56,N,C
56,N,G
56,N,P
56,N,R
56,N,H
56,N,K
56,N,D
56,N,E
56,N,X
57,L,A
57,L,V
57,L,I
57,L,L
57,L,M
57,L,F
57,L,Y
57,L,W
57,L,S
57,L,T
57,L,N
57,L,Q
57,L,C
57,L,G
57,L,P
57,L,R
57,L,H
57,L,K
57,L,D
57,L,E
57,L,X
58,S,A
58,S,V
58,S,I
58,S,L
58,S,M
58,S,F
58,S,Y
58,S,W
58,S,S
58,S,T
58,S,N
58,S,Q
58,S,C
58,S,G
58,S,P
58,S,R
58,S,H
58,S,K
58,S,D
58,S,E
58,S,X
59,K,A
59,K,V
59,K,I
59,K,L
59,K,M
59,K,F
59,K,Y
59,K,W
59,K,S
59,K,T
59,K,N
59,K,Q
59,K,C
59,K,G
59,K,P
59,K,R
59,K,H
59,K,K
59,K,D
59,K,E
59,K,X
60,V,A
60,V,V
60,V,I
60,V,L
60,V,M
60,V,F
60,V,Y
60,V,W
60,V,S
60,V,T
60,V,N
60,V,Q
60,V,C
60,V,G
60,V,P
60,V,R
60,V,H
60,V,K
60,V,D
60,V,E
60,V,X
61,Y,A
61,Y,V
61,Y,I
61,Y,L
61,Y,M
61,Y,F
61,Y,Y
61,Y,W
61,Y,S
61,Y,T
61,Y,N
61,Y,Q
61,Y,C
61,Y,G
61,Y,P
61,Y,R
61,Y,H
61,Y,K
61,Y,D
61,Y,E
61,Y,X
62,G,A
62,G,V
62,G,I
62,G,L
62,G,M
62,G,F
62,G,Y
62,G,W
62,G,S
62,G,T
62,G,N
62,G,Q
62,G,C
62,G,G
62,G,P
62,G,R
62,G,H
62,G,K
62,G,D
62,G,E
62,G,X
63,P,A
63,P,V
63,P,I
63,P,L
63,P,M
63,P,F
63,P,Y
63,P,W
63,P,S
63,P,T
63,P,N
63,P,Q
63,P,C
63,P,G
63,P,P
63,P,R
63,P,H
63,P,K
63,P,D
63,P,E
63,P,X
64,V,A
64,V,V
64,V,I
64,V,L
64,V,M
64,V,F
64,V,Y
64,V,W
64,V,S
64,V,T
64,V,N
64,V,Q
64,V,C
64,V,G
64,V,P
64,V,R
64,V,H
64,V,K
64,V,D
64,V,E
64,V,X
65,F,A
65,F,V
65,F,I
65,F,L
65,F,M
65,F,F
65,F,Y
65,F,W
65,F,S
65,F,T
65,F,N
65,F,Q
65,F,C
65,F,G
65,F,P
65,F,R
65,F,H
65,F,K
65,F,D
65,F,E
65,F,X
66,T,A
66,T,V
66,T,I
66,T,L
66,T,M
66,T,F
66,T,Y
66,T,W
66,T,S
66,T,T
66,T,N
66,T,Q
66,T,C
66,T,G
66,T,P
66,T,R
66,T,H
66,T,K
66,T,D
66,T,E
66,T,X
67,L,A
67,L,V
67,L,I
67,L,L
67,L,M
67,L,F
67,L,Y
67,L,W
67,L,S
67,L,T
67,L,N
67,L,Q
67,L,C
67,L,G
67,L,P
67,L,R
67,L,H
67,L,K
67,L,D
67,L,E
67,L,X
68,Y,A
68,Y,V
68,Y,I
68,Y,L
68,Y,M
68,Y,F
68,Y,Y
68,Y,W
68,Y,S
68,Y,T
68,Y,N
68,Y,Q
68,Y,C
68,Y,G
68,Y,P
68,Y,R
68,Y,H
68,Y,K
68,Y,D
68,Y,E
68,Y,X
69,F,A
69,F,V
69,F,I
69,F,L
69,F,M
69,F,F
69,F,Y
69,F,W
69,F,S
69,F,T
69,F,N
69,F,Q
69,F,C
69,F,G
69,F,P
69,F,R
69,F,H
69,F,K
69,F,D
69,F,E
69,F,X
70,G,A
70,G,V
70,G,I
70,G,L
70,G,M
70,G,F
70,G,Y
70,G,W
70,G,S
70,G,T
70,G,N
70,G,Q
70,G,C
70,G,G
70,G,P
70,G,R
70,G,H
70,G,K
70,G,D
70,G,E
70,G,X
71,L,A
71,L,V
71,L,I
71,L,L
71,L,M
71,L,F
71,L,Y
71,L,W
71,L,S
71,L,T
71,L,N
71,L,Q
71,L,C
71,L,G
71,L,P
71,L,R
71,L,H
71,L,K
71,L,D
71,L,E
71,L,X
72,K,A
72,K,V
72,K,I
72,K,L
72,K,M
72,K,F
72,K,Y
72,K,W
72,K,S
72,K,T
72,K,N
72,K,Q
72,K,C
72,K,G
72,K,P
72,K,R
72,K,H
72,K,K
72,K,D
72,K,E
72,K,X
73,P,A
73,P,V
73,P,I
73,P,L
73,P,M
73,P,F
73,P,Y
73,P,W
73,P,S
73,P,T
73,P,N
73,P,Q
73,P,C
73,P,G
73,P,P
73,P,R
73,P,H
73,P,K
73,P,D
73,P,E
73,P,X
74,I,A
74,I,V
74,I,I
74,I,L
74,I,M
74,I,F
74,I,Y
74,I,W
74,I,S
74,I,T
74,I,N
74,I,Q
74,I,C
74,I,G
74,I,P
74,I,R
74,I,H
74,I,K
74,I,D
74,I,E
74,I,X
75,V,A
75,V,V
75,V,I
75,V,L
75,V,M
75,V,F
75,V,Y
75,V,W
75,V,S
75,V,T
75,V,N
75,V,Q
75,V,C
75,V,G
75,V,P
75,V,R
75,V,H
75,V,K
75,V,D
75,V,E
75,V,X
76,V,A
76,V,V
76,V,I
76,V,L
76,V,M
76,V,F
76,V,Y
76,V,W
76,V,S
76,V,T
76,V,N
76,V,Q
76,V,C
76,V,G
76,V,P
76,V,R
76,V,H
76,V,K
76,V,D
76,V,E
76,V,X
77,L,A
77,L,V
77,L,I
77,L,L
77,L,M
77,L,F
77,L,Y
77,L,W
77,L,S
77,L,T
77,L,N
77,L,Q
77,L,C
77,L,G
77,L,P
77,L,R
77,L,H
77,L,K
77,L,D
77,L,E
77,L,X
78,H,A
78,H,V
78,H,I
78,H,L
78,H,M
78,H,F
78,H,Y
78,H,W
78,H,S
78,H,T
78,H,N
78,H,Q
78,H,C
78,H,G
78,H,P
78,H,R
78,H,H
78,H,K
78,H,D
78,H,E
78,H,X
79,G,A
79,G,V
79,G,I
79,G,L
79,G,M
79,G,F
79,G,Y
79,G,W
79,G,S
79,G,T
79,G,N
79,G,Q
79,G,C
79,G,G
79,G,P
79,G,R
79,G,H
79,G,K
79,G,D
79,G,E
79,G,X
80,Y,A
80,Y,V
80,Y,I
80,Y,L
80,Y,M
80,Y,F
80,Y,Y
80,Y,W
80,Y,S
80,Y,T
80,Y,N
80,Y,Q
80,Y,C
80,Y,G
80,Y,P
80,Y,R
80,Y,H
80,Y,K
80,Y,D
80,Y,E
80,Y,X
81,E,A
81,E,V
81,E,I
81,E,L
81,E,M
81,E,F
81,E,Y
81,E,W
81,E,S
81,E,T
81,E,N
81,E,Q
81,E,C
81,E,G
81,E,P
81,E,R
81,E,H
81,E,K
81,E,D
81,E,E
81,E,X
82,A,A
82,A,V
82,A,I
82,A,L
82,A,M
82,A,F
82,A,Y
82,A,W
82,A,S
82,A,T
82,A,N
82,A,Q
82,A,C
82,A,G
82,A,P
82,A,R
82,A,H
82,A,K
82,A,D
82,A,E
82,A,X
83,V,A
83,V,V
83,V,I
83,V,L
83,V,M
83,V,F
83,V,Y
83,V,W
83,V,S
83,V,T
83,V,N
83,V,Q
83,V,C
83,V,G
83,V,P
83,V,R
83,V,H
83,V,K
83,V,D
83,V,E
83,V,X
84,K,A
84,K,V
84,K,I
84,K,L
84,K,M
84,K,F
84,K,Y
84,K,W
84,K,S
84,K,T
84,K,N
84,K,Q
84,K,C
84,K,G
84,K,P
84,K,R
84,K,H
84,K,K
84,K,D
84,K,E
84,K,X
85,E,A
85,E,V
85,E,I
85,E,L
85,E,M
85,E,F
85,E,Y
85,E,W
85,E,S
85,E,T
85,E,N
85,E,Q
85,E,C
85,E,G
85,E,P
85,E,R
85,E,H
85,E,K
85,E,D
85,E,E
85,E,X
86,A,A
86,A,V
86,A,I
86,A,L
86,A,M
86,A,F
86,A,Y
86,A,W
86,A,S
86,A,T
86,A,N
86,A,Q
86,A,C
86,A,G
86,A,P
86,A,R
86,A,H
86,A,K
86,A,D
86,A,E
86,A,X
87,L,A
87,L,V
87,L,I
87,L,L
87,L,M
87,L,F
87,L,Y
87,L,W
87,L,S
87,L,T
87,L,N
87,L,Q
87,L,C
87,L,G
87,L,P
87,L,R
87,L,H
87,L,K
87,L,D
87,L,E
87,L,X
88,I,A
88,I,V
88,I,I
88,I,L
88,I,M
88,I,F
88,I,Y
88,I,W
88,I,S
88,I,T
88,I,N
88,I,Q
88,I,C
88,I,G
88,I,P
88,I,R
88,I,H
88,I,K
88,I,D
88,I,E
88,I,X
89,D,A
89,D,V
89,D,I
89,D,L
89,D,M
89,D,F
89,D,Y
89,D,W
89,D,S
89,D,T
89,D,N
89,D,Q
89,D,C
89,D,G
89,D,P
89,D,R
89,D,H
89,D,K
89,D,D
89,D,E
89,D,X
90,L,A
90,L,V
90,L,I
90,L,L
90,L,M
90,L,F
90,L,Y
90,L,W
90,L,S
90,L,T
90,L,N
90,L,Q
90,L,C
90,L,G
90,L,P
90,L,R
90,L,H
90,L,K
90,L,D
90,L,E
90,L,X
91,G,A
91,G,V
91,G,I
91,G,L
91,G,M
91,G,F
91,G,Y
91,G,W
91,G,S
91,G,T
91,G,N
91,G,Q
91,G,C
91,G,G
91,G,P
91,G,R
91,G,H
91,G,K
91,G,D
91,G,E
91,G,X
92,E,A
92,E,V
92,E,I
92,E,L
92,E,M
92,E,F
92,E,Y
92,E,W
92,E,S
92,E,T
92,E,N
92,E,Q
92,E,C
92,E,G
92,E,P
92,E,R
92,E,H
92,E,K
92,E,D
92,E,E
92,E,X
93,E,A
93,E,V
93,E,I
93,E,L
93,E,M
93,E,F
93,E,Y
93,E,W
93,E,S
93,E,T
93,E,N
93,E,Q
93,E,C
93,E,G
93,E,P
93,E,R
93,E,H
93,E,K
93,E,D
93,E,E
93,E,X
94,F,A
94,F,V
94,F,I
94,F,L
94,F,M
94,F,F
94,F,Y
94,F,W
94,F,S
94,F,T
94,F,N
94,F,Q
94,F,C
94,F,G
94,F,P
94,F,R
94,F,H
94,F,K
94,F,D
94,F,E
94,F,X
95,S,A
95,S,V
95,S,I
95,S,L
95,S,M
95,S,F
95,S,Y
95,S,W
95,S,S
95,S,T
95,S,N
95,S,Q
95,S,C
95,S,G
95,S,P
95,S,R
95,S,H
95,S,K
95,S,D
95,S,E
95,S,X
96,G,A
96,G,V
96,G,I
96,G,L
96,G,M
96,G,F
96,G,Y
96,G,W
96,G,S
96,G,T
96,G,N
96,G,Q
96,G,C
96,G,G
96,G,P
96,G,R
96,G,H
96,G,K
96,G,D
96,G,E
96,G,X
97,R,A
97,R,V
97,R,I
97,R,L
97,R,M
97,R,F
97,R,Y
97,R,W
97,R,S
97,R,T
97,R,N
97,R,Q
97,R,C
97,R,G
97,R,P
97,R,R
97,R,H
97,R,K
97,R,D
97,R,E
97,R,X
98,G,A
98,G,V
98,G,I
98,G,L
98,G,M
98,G,F
98,G,Y
98,G,W
98,G,S
98,G,T
98,G,N
98,G,Q
98,G,C
98,G,G
98,G,P
98,G,R
98,G,H
98,G,K
98,G,D
98,G,E
98,G,X
99,I,A
99,I,V
99,I,I
99,I,L
99,I,M
99,I,F
99,I,Y
99,I,W
99,I,S
99,I,T
99,I,N
99,I,Q
99,I,C
99,I,G
99,I,P
99,I,R
99,I,H
99,I,K
99,I,D
99,I,E
99,I,X
100,F,A
100,F,V
100,F,I
100,F,L
100,F,M
100,F,F
100,F,Y
100,F,W
100,F,S
100,F,T
100,F,N
100,F,Q
100,F,C
100,F,G
100,F,P
100,F,R
100,F,H
100,F,K
100,F,D
100,F,E
100,F,X
101,P,A
101,P,V
101,P,I
101,P,L
101,P,M
101,P,F
101,P,Y
101,P,W
101,P,S
101,P,T
101,P,N
101,P,Q
101,P,C
101,P,G
101,P,P
101,P,R
101,P,H
101,P,K
101,P,D
101,P,E
101,P,X
102,L,A
102,L,V
102,L,I
102,L,L
102,L,M
102,L,F
102,L,Y
102,L,W
102,L,S
102,L,T
102,L,N
102,L,Q
102,L,C
102,L,G
102,L,P
102,L,R
102,L,H
102,L,K
102,L,D
102,L,E
102,L,X
103,A,A
103,A,V
103,A,I
103,A,L
103,A,M
103,A,F
103,A,Y
103,A,W
103,A,S
103,A,T
103,A,N
103,A,Q
103,A,C
103,A,G
103,A,P
103,A,R
103,A,H
103,A,K
103,A,D
103,A,E
103,A,X
104,E,A
104,E,V
104,E,I
104,E,L
104,E,M
104,E,F
104,E,Y
104,E,W
104,E,S
104,E,T
104,E,N
104,E,Q
104,E,C
104,E,G
104,E,P
104,E,R
104,E,H
104,E,K
104,E,D
104,E,E
104,E,X
105,R,A
105,R,V
105,R,I
105,R,L
105,R,M
105,R,F
105,R,Y
105,R,W
105,R,S
105,R,T
105,R,N
105,R,Q
105,R,C
105,R,G
105,R,P
105,R,R
105,R,H
105,R,K
105,R,D
105,R,E
105,R,X
106,A,A
106,A,V
106,A,I
106,A,L
106,A,M
106,A,F
106,A,Y
106,A,W
106,A,S
106,A,T
106,A,N
106,A,Q
106,A,C
106,A,G
106,A,P
106,A,R
106,A,H
106,A,K
106,A,D
106,A,E
106,A,X
107,N,A
107,N,V
107,N,I
107,N,L
107,N,M
107,N,F
107,N,Y
107,N,W
107,N,S
107,N,T
107,N,N
107,N,Q
107,N,C
107,N,G
107,N,P
107,N,R
107,N,H
107,N,K
107,N,D
107,N,E
107,N,X
108,R,A
108,R,V
108,R,I
108,R,L
108,R,M
108,R,F
108,R,Y
108,R,W
108,R,S
108,R,T
108,R,N
108,R,Q
108,R,C
108,R,G
108,R,P
108,R,R
108,R,H
108,R,K
108,R,D
108,R,E
108,R,X
109,G,A
109,G,V
109,G,I
109,G,L
109,G,M
109,G,F
109,G,Y
109,G,W
109,G,S
109,G,T
109,G,N
109,G,Q
109,G,C
109,G,G
109,G,P
109,G,R
109,G,H
109,G,K
109,G,D
109,G,E
109,G,X
110,F,A
110,F,V
110,F,I
110,F,L
110,F,M
110,F,F
110,F,Y
110,F,W
110,F,S
110,F,T
110,F,N
110,F,Q
110,F,C
110,F,G
110,F,P
110,F,R
110,F,H
110,F,K
110,F,D
110,F,E
110,F,X
111,G,A
111,G,V
111,G,I
111,G,L
111,G,M
111,G,F
111,G,Y
111,G,W
111,G,S
111,G,T
111,G,N
111,G,Q
111,G,C
111,G,G
111,G,P
111,G,R
111,G,H
111,G,K
111,G,D
111,G,E
111,G,X
112,I,A
112,I,V
112,I,I
112,I,L
112,I,M
112,I,F
112,I,Y
112,I,W
112,I,S
112,I,T
112,I,N
112,I,Q
112,I,C
112,I,G
112,I,P
112,I,R
112,I,H
112,I,K
112,I,D
112,I,E
112,I,X
113,V,A
113,V,V
113,V,I
113,V,L
113,V,M
113,V,F
113,V,Y
113,V,W
113,V,S
113,V,T
113,V,N
113,V,Q
113,V,C
113,V,G
113,V,P
113,V,R
113,V,H
113,V,K
113,V,D
113,V,E
113,V,X
114,F,A
114,F,V
114,F,I
114,F,L
114,F,M
114,F,F
114,F,Y
114,F,W
114,F,S
114,F,T
114,F,N
114,F,Q
114,F,C
114,F,G
114,F,P
114,F,R
114,F,H
114,F,K
114,F,D
114,F,E
114,F,X
115,S,A
115,S,V
115,S,I
115,S,L
115,S,M
115,S,F
115,S,Y
115,S,W
115,S,S
115,S,T
115,S,N
115,S,Q
115,S,C
115,S,G
115,S,P
115,S,R
115,S,H
115,S,K
115,S,D
115,S,E
115,S,X
116,N,A
116,N,V
116,N,I
116,N,L
116,N,M
116,N,F
116,N,Y
116,N,W
116,N,S
116,N,T
116,N,N
116,N,Q
116,N,C
116,N,G
116,N,P
116,N,R
116,N,H
116,N,K
116,N,D
116,N,E
116,N,X
117,G,A
117,G,V
117,G,I
117,G,L
117,G,M
117,G,F
117,G,Y
117,G,W
117,G,S
117,G,T
117,G,N
117,G,Q
117,G,C
117,G,G
117,G,P
117,G,R
117,G,H
117,G,K
117,G,D
117,G,E
117,G,X
118,K,A
118,K,V
118,K,I
118,K,L
118,K,M
118,K,F
118,K,Y
118,K,W
118,K,S
118,K,T
118,K,N
118,K,Q
118,K,C
118,K,G
118,K,P
118,K,R
118,K,H
118,K,K
118,K,D
118,K,E
118,K,X
119,K,A
119,K,V
119,K,I
119,K,L
119,K,M
119,K,F
119,K,Y
119,K,W
119,K,S
119,K,T
119,K,N
119,K,Q
119,K,C
119,K,G
119,K,P
119,K,R
119,K,H
119,K,K
119,K,D
119,K,E
119,K,X
120,W,A
120,W,V
120,W,I
120,W,L
120,W,M
120,W,F
120,W,Y
120,W,W
120,W,S
120,W,T
120,W,N
120,W,Q
120,W,C
120,W,G
120,W,P
120,W,R
120,W,H
120,W,K
120,W,D
120,W,E
120,W,X
121,K,A
121,K,V
121,K,I
121,K,L
121,K,M
121,K,F
121,K,Y
121,K,W
121,K,S
121,K,T
121,K,N
121,K,Q
121,K,C
121,K,G
121,K,P
121,K,R
121,K,H
121,K,K
121,K,D
121,K,E
121,K,X
122,E,A
122,E,V
122,E,I
122,E,L
122,E,M
122,E,F
122,E,Y
122,E,W
122,E,S
122,E,T
122,E,N
122,E,Q
122,E,C
122,E,G
122,E,P
122,E,R
122,E,H
122,E,K
122,E,D
122,E,E
122,E,X
123,I,A
123,I,V
123,I,I
123,I,L
123,I,M
123,I,F
123,I,Y
123,I,W
123,I,S
123,I,T
123,I,N
123,I,Q
123,I,C
123,I,G
123,I,P
123,I,R
123,I,H
123,I,K
123,I,D
123,I,E
123,I,X
124,R,A
124,R,V
124,R,I
124,R,L
124,R,M
124,R,F
124,R,Y
124,R,W
124,R,S
124,R,T
124,R,N
124,R,Q
124,R,C
124,R,G
124,R,P
124,R,R
124,R,H
124,R,K
124,R,D
124,R,E
124,R,X
125,R,A
125,R,V
125,R,I
125,R,L
125,R,M
125,R,F
125,R,Y
125,R,W
125,R,S
125,R,T
125,R,N
125,R,Q
125,R,C
125,R,G
125,R,P
125,R,R
125,R,H
125,R,K
125,R,D
125,R,E
125,R,X
126,F,A
126,F,V
126,F,I
126,F,L
126,F,M
126,F,F
126,F,Y
126,F,W
126,F,S
126,F,T
126,F,N
126,F,Q
126,F,C
126,F,G
126,F,P
126,F,R
126,F,H
126,F,K
126,F,D
126,F,E
126,F,X
127,S,A
127,S,V
127,S,I
127,S,L
127,S,M
127,S,F
127,S,Y
127,S,W
127,S,S
127,S,T
127,S,N
127,S,Q
127,S,C
127,S,G
127,S,P
127,S,R
127,S,H
127,S,K
127,S,D
127,S,E
127,S,X
128,L,A
128,L,V
128,L,I
128,L,L
128,L,M
128,L,F
128,L,Y
128,L,W
128,L,S
128,L,T
128,L,N
128,L,Q
128,L,C
128,L,G
128,L,P
128,L,R
128,L,H
128,L,K
128,L,D
128,L,E
128,L,X
129,M,A
129,M,V
129,M,I
129,M,L
129,M,M
129,M,F
129,M,Y
129,M,W
129,M,S
129,M,T
129,M,N
129,M,Q
129,M,C
129,M,G
129,M,P
129,M,R
129,M,H
129,M,K
129,M,D
129,M,E
129,M,X
130,T,A
130,T,V
130,T,I
130,T,L
130,T,M
130,T,F
130,T,Y
130,T,W
130,T,S
130,T,T
130,T,N
130,T,Q
130,T,C
130,T,G
130,T,P
130,T,R
130,T,H
130,T,K
130,T,D
130,T,E
130,T,X
131,L,A
131,L,V
131,L,I
131,L,L
131,L,M
131,L,F
131,L,Y
131,L,W
131,L,S
131,L,T
131,L,N
131,L,Q
131,L,C
131,L,G
131,L,P
131,L,R
131,L,H
131,L,K
131,L,D
131,L,E
131,L,X
132,R,A
132,R,V
132,R,I
132,R,L
132,R,M
132,R,F
132,R,Y
132,R,W
132,R,S
132,R,T
132,R,N
132,R,Q
132,R,C
132,R,G
132,R,P
132,R,R
132,R,H
132,R,K
132,R,D
132,R,E
132,R,X
133,N,A
133,N,V
133,N,I
133,N,L
133,N,M
133,N,F
133,N,Y
133,N,W
133,N,S
133,N,T
133,N,N
133,N,Q
133,N,C
133,N,G
133,N,P
133,N,R
133,N,H
133,N,K
133,N,D
133,N,E
133,N,X
134,F,A
134,F,V
134,F,I
134,F,L
134,F,M
134,F,F
134,F,Y
134,F,W
134,F,S
134,F,T
134,F,N
134,F,Q
134,F,C
134,F,G
134,F,P
134,F,R
134,F,H
134,F,K
134,F,D
134,F,E
134,F,X
135,G,A
135,G,V
135,G,I
135,G,L
135,G,M
135,G,F
135,G,Y
135,G,W
135,G,S
135,G,T
135,G,N
135,G,Q
135,G,C
135,G,G
135,G,P
135,G,R
135,G,H
135,G,K
135,G,D
135,G,E
135,G,X
136,M,A
136,M,V
136,M,I
136,M,L
136,M,M
136,M,F
136,M,Y
136,M,W
136,M,S
136,M,T
136,M,N
136,M,Q
136,M,C
136,M,G
136,M,P
136,M,R
136,M,H
136,M,K
136,M,D
136,M,E
136,M,X
137,G,A
137,G,V
137,G,I
137,G,L
137,G,M
137,G,F
137,G,Y
137,G,W
137,G,S
137,G,T
137,G,N
137,G,Q
137,G,C
137,G,G
137,G,P
137,G,R
137,G,H
137,G,K
137,G,D
137,G,E
137,G,X
138,K,A
138,K,V
138,K,I
138,K,L
138,K,M
138,K,F
138,K,Y
138,K,W
138,K,S
138,K,T
138,K,N
138,K,Q
138,K,C
138,K,G
138,K,P
138,K,R
138,K,H
138,K,K
138,K,D
138,K,E
138,K,X
139,R,A
139,R,V
139,R,I
139,R,L
139,R,M
139,R,F
139,R,Y
139,R,W
139,R,S
139,R,T
139,R,N
139,R,Q
139,R,C
139,R,G
139,R,P
139,R,R
139,R,H
139,R,K
139,R,D
139,R,E
139,R,X
140,S,A
140,S,V
140,S,I
140,S,L
140,S,M
140,S,F
140,S,Y
140,S,W
140,S,S
140,S,T
140,S,N
140,S,Q
140,S,C
140,S,G
140,S,P
140,S,R
140,S,H
140,S,K
140,S,D
140,S,E
140,S,X
141,I,A
141,I,V
141,I,I
141,I,L
141,I,M
141,I,F
141,I,Y
141,I,W
141,I,S
141,I,T
141,I,N
141,I,Q
141,I,C
141,I,G
141,I,P
141,I,R
141,I,H
141,I,K
141,I,D
141,I,E
141,I,X
142,E,A
142,E,V
142,E,I
142,E,L
142,E,M
142,E,F
142,E,Y
142,E,W
142,E,S
142,E,T
142,E,N
142,E,Q
142,E,C
142,E,G
142,E,P
142,E,R
142,E,H
142,E,K
142,E,D
142,E,E
142,E,X
143,D,A
143,D,V
143,D,I
143,D,L
143,D,M
143,D,F
143,D,Y
143,D,W
143,D,S
143,D,T
143,D,N
143,D,Q
143,D,C
143,D,G
143,D,P
143,D,R
143,D,H
143,D,K
143,D,D
143,D,E
143,D,X
144,R,A
144,R,V
144,R,I
144,R,L
144,R,M
144,R,F
144,R,Y
144,R,W
144,R,S
144,R,T
144,R,N
144,R,Q
144,R,C
144,R,G
144,R,P
144,R,R
144,R,H
144,R,K
144,R,D
144,R,E
144,R,X
145,V,A
145,V,V
145,V,I
145,V,L
145,V,M
145,V,F
145,V,Y
145,V,W
145,V,S
145,V,T
145,V,N
145,V,Q
145,V,C
145,V,G
145,V,P
145,V,R
145,V,H
145,V,K
145,V,D
145,V,E
145,V,X
146,Q,A
146,Q,V
146,Q,I
146,Q,L
146,Q,M
146,Q,F
146,Q,Y
146,Q,W
146,Q,S
146,Q,T
146,Q,N
146,Q,Q
146,Q,C
146,Q,G
146,Q,P
146,Q,R
146,Q,H
146,Q,K
146,Q,D
146,Q,E
146,Q,X
147,E,A
147,E,V
147,E,I
147,E,L
147,E,M
147,E,F
147,E,Y
147,E,W
147,E,S
147,E,T
147,E,N
147,E,Q
147,E,C
147,E,G
147,E,P
147,E,R
147,E,H
147,E,K
147,E,D
147,E,E
147,E,X
148,E,A
148,E,V
148,E,I
148,E,L
148,E,M
148,E,F
148,E,Y
148,E,W
148,E,S
148,E,T
148,E,N
148,E,Q
148,E,C
148,E,G
148,E,P
148,E,R
148,E,H
148,E,K
148,E,D
148,E,E
148,E,X
149,A,A
149,A,V
149,A,I
149,A,L
149,A,M
149,A,F
149,A,Y
149,A,W
149,A,S
149,A,T
149,A,N
149,A,Q
149,A,C
149,A,G
149,A,P
149,A,R
149,A,H
149,A,K
149,A,D
149,A,E
149,A,X
150,R,A
150,R,V
150,R,I
150,R,L
150,R,M
150,R,F
150,R,Y
150,R,W
150,R,S
150,R,T
150,R,N
150,R,Q
150,R,C
150,R,G
150,R,P
150,R,R
150,R,H
150,R,K
150,R,D
150,R,E
150,R,X
151,C,A
151,C,V
151,C,I
151,C,L
151,C,M
151,C,F
151,C,Y
151,C,W
151,C,S
151,C,T
151,C,N
151,C,Q
151,C,C
151,C,G
151,C,P
151,C,R
151,C,H
151,C,K
151,C,D
151,C,E
151,C,X
152,L,A
152,L,V
152,L,I
152,L,L
152,L,M
152,L,F
152,L,Y
152,L,W
152,L,S
152,L,T
152,L,N
152,L,Q
152,L,C
152,L,G
152,L,P
152,L,R
152,L,H
152,L,K
152,L,D
152,L,E
152,L,X
153,V,A
153,V,V
153,V,I
153,V,L
153,V,M
153,V,F
153,V,Y
153,V,W
153,V,S
153,V,T
153,V,N
153,V,Q
153,V,C
153,V,G
153,V,P
153,V,R
153,V,H
153,V,K
153,V,D
153,V,E
153,V,X
154,E,A
154,E,V
154,E,I
154,E,L
154,E,M
154,E,F
154,E,Y
154,E,W
154,E,S
154,E,T
154,E,N
154,E,Q
154,E,C
154,E,G
154,E,P
154,E,R
154,E,H
154,E,K
154,E,D
154,E,E
154,E,X
155,E,A
155,E,V
155,E,I
155,E,L
155,E,M
155,E,F
155,E,Y
155,E,W
155,E,S
155,E,T
155,E,N
155,E,Q
155,E,C
155,E,G
155,E,P
155,E,R
155,E,H
155,E,K
155,E,D
155,E,E
155,E,X
156,L,A
156,L,V
156,L,I
156,L,L
156,L,M
156,L,F
156,L,Y
156,L,W
156,L,S
156,L,T
156,L,N
156,L,Q
156,L,C
156,L,G
156,L,P
156,L,R
156,L,H
156,L,K
156,L,D
156,L,E
156,L,X
157,R,A
157,R,V
157,R,I
157,R,L
157,R,M
157,R,F
157,R,Y
157,R,W
157,R,S
157,R,T
157,R,N
157,R,Q
157,R,C
157,R,G
157,R,P
157,R,R
157,R,H
157,R,K
157,R,D
157,R,E
157,R,X
158,K,A
158,K,V
158,K,I
158,K,L
158,K,M
158,K,F
158,K,Y
158,K,W
158,K,S
158,K,T
158,K,N
158,K,Q
158,K,C
158,K,G
158,K,P
158,K,R
158,K,H
158,K,K
158,K,D
158,K,E
158,K,X
159,T,A
159,T,V
159,T,I
159,T,L
159,T,M
159,T,F
159,T,Y
159,T,W
159,T,S
159,T,T
159,T,N
159,T,Q
159,T,C
159,T,G
159,T,P
159,T,R
159,T,H
159,T,K
159,T,D
159,T,E
159,T,X
160,K,A
160,K,V
160,K,I
160,K,L
160,K,M
160,K,F
160,K,Y
160,K,W
160,K,S
160,K,T
160,K,N
160,K,Q
160,K,C
160,K,G
160,K,P
160,K,R
160,K,H
160,K,K
160,K,D
160,K,E
160,K,X
161,A,A
161,A,V
161,A,I
161,A,L
161,A,M
161,A,F
161,A,Y
161,A,W
161,A,S
161,A,T
161,A,N
161,A,Q
161,A,C
161,A,G
161,A,P
161,A,R
161,A,H
161,A,K
161,A,D
161,A,E
161,A,X
162,S,A
162,S,V
162,S,I
162,S,L
162,S,M
162,S,F
162,S,Y
162,S,W
162,S,S
162,S,T
162,S,N
162,S,Q
162,S,C
162,S,G
162,S,P
162,S,R
162,S,H
162,S,K
162,S,D
162,S,E
162,S,X
163,P,A
163,P,V
163,P,I
163,P,L
163,P,M
163,P,F
163,P,Y
163,P,W
163,P,S
163,P,T
163,P,N
163,P,Q
163,P,C
163,P,G
163,P,P
163,P,R
163,P,H
163,P,K
163,P,D
163,P,E
163,P,X
164,C,A
164,C,V
164,C,I
164,C,L
164,C,M
164,C,F
164,C,Y
164,C,W
164,C,S
164,C,T
164,C,N
164,C,Q
164,C,C
164,C,G
164,C,P
164,C,R
164,C,H
164,C,K
164,C,D
164,C,E
164,C,X
165,D,A
165,D,V
165,D,I
165,D,L
165,D,M
165,D,F
165,D,Y
165,D,W
165,D,S
165,D,T
165,D,N
165,D,Q
165,D,C
165,D,G
165,D,P
165,D,R
165,D,H
165,D,K
165,D,D
165,D,E
165,D,X
166,P,A
166,P,V
166,P,I
166,P,L
166,P,M
166,P,F
166,P,Y
166,P,W
166,P,S
166,P,T
166,P,N
166,P,Q
166,P,C
166,P,G
166,P,P
166,P,R
166,P,H
166,P,K
166,P,D
166,P,E
166,P,X
167,T,A
167,T,V
167,T,I
167,T,L
167,T,M
167,T,F
167,T,Y
167,T,W
167,T,S
167,T,T
167,T,N
167,T,Q
167,T,C
167,T,G
167,T,P
167,T,R
167,T,H
167,T,K
167,T,D
167,T,E
167,T,X
168,F,A
168,F,V
168,F,I
168,F,L
168,F,M
168,F,F
168,F,Y
168,F,W
168,F,S
168,F,T
168,F,N
168,F,Q
168,F,C
168,F,G
168,F,P
168,F,R
168,F,H
168,F,K
168,F,D
168,F,E
168,F,X
169,I,A
169,I,V
169,I,I
169,I,L
169,I,M
169,I,F
169,I,Y
169,I,W
169,I,S
169,I,T
169,I,N
169,I,Q
169,I,C
169,I,G
169,I,P
169,I,R
169,I,H
169,I,K
169,I,D
169,I,E
169,I,X
170,L,A
170,L,V
170,L,I
170,L,L
170,L,M
170,L,F
170,L,Y
170,L,W
170,L,S
170,L,T
170,L,N
170,L,Q
170,L,C
170,L,G
170,L,P
170,L,R
170,L,H
170,L,K
170,L,D
170,L,E
170,L,X
171,G,A
171,G,V
171,G,I
171,G,L
171,G,M
171,G,F
171,G,Y
171,G,W
171,G,S
171,G,T
171,G,N
171,G,Q
171,G,C
171,G,G
171,G,P
171,G,R
171,G,H
171,G,K
171,G,D
171,G,E
171,G,X
172,C,A
172,C,V
172,C,I
172,C,L
172,C,M
172,C,F
172,C,Y
172,C,W
172,C,S
172,C,T
172,C,N
172,C,Q
172,C,C
172,C,G
172,C,P
172,C,R
172,C,H
172,C,K
172,C,D
172,C,E
172,C,X
173,A,A
173,A,V
173,A,I
173,A,L
173,A,M
173,A,F
173,A,Y
173,A,W
173,A,S
173,A,T
173,A,N
173,A,Q
173,A,C
173,A,G
173,A,P
173,A,R
173,A,H
173,A,K
173,A,D
173,A,E
173,A,X
174,P,A
174,P,V
174,P,I
174,P,L
174,P,M
174,P,F
174,P,Y
174,P,W
174,P,S
174,P,T
174,P,N
174,P,Q
174,P,C
174,P,G
174,P,P
174,P,R
174,P,H
174,P,K
174,P,D
174,P,E
174,P,X
175,C,A
175,C,V
175,C,I
175,C,L
175,C,M
175,C,F
175,C,Y
175,C,W
175,C,S
175,C,T
175,C,N
175,C,Q
175,C,C
175,C,G
175,C,P
175,C,R
175,C,H
175,C,K
175,C,D
175,C,E
175,C,X
176,N,A
176,N,V
176,N,I
176,N,L
176,N,M
176,N,F
176,N,Y
176,N,W
176,N,S
176,N,T
176,N,N
176,N,Q
176,N,C
176,N,G
176,N,P
176,N,R
176,N,H
176,N,K
176,N,D
176,N,E
176,N,X
177,V,A
177,V,V
177,V,I
177,V,L
177,V,M
177,V,F
177,V,Y
177,V,W
177,V,S
177,V,T
177,V,N
177,V,Q
177,V,C
177,V,G
177,V,P
177,V,R
177,V,H
177,V,K
177,V,D
177,V,E
177,V,X
178,I,A
178,I,V
178,I,I
178,I,L
178,I,M
178,I,F
178,I,Y
178,I,W
178,I,S
178,I,T
178,I,N
178,I,Q
178,I,C
178,I,G
178,I,P
178,I,R
178,I,H
178,I,K
178,I,D
178,I,E
178,I,X
179,C,A
179,C,V
179,C,I
179,C,L
179,C,M
179,C,F
179,C,Y
179,C,W
179,C,S
179,C,T
179,C,N
179,C,Q
179,C,C
179,C,G
179,C,P
179,C,R
179,C,H
179,C,K
179,C,D
179,C,E
179,C,X
180,S,A
180,S,V
180,S,I
180,S,L
180,S,M
180,S,F
180,S,Y
180,S,W
180,S,S
180,S,T
180,S,N
180,S,Q
180,S,C
180,S,G
180,S,P
180,S,R
180,S,H
180,S,K
180,S,D
180,S,E
180,S,X
181,I,A
181,I,V
181,I,I
181,I,L
181,I,M
181,I,F
181,I,Y
181,I,W
181,I,S
181,I,T
181,I,N
181,I,Q
181,I,C
181,I,G
181,I,P
181,I,R
181,I,H
181,I,K
181,I,D
181,I,E
181,I,X
182,I,A
182,I,V
182,I,I
182,I,L
182,I,M
182,I,F
182,I,Y
182,I,W
182,I,S
182,I,T
182,I,N
182,I,Q
182,I,C
182,I,G
182,I,P
182,I,R
182,I,H
182,I,K
182,I,D
182,I,E
182,I,X
183,F,A
183,F,V
183,F,I
183,F,L
183,F,M
183,F,F
183,F,Y
183,F,W
183,F,S
183,F,T
183,F,N
183,F,Q
183,F,C
183,F,G
183,F,P
183,F,R
183,F,H
183,F,K
183,F,D
183,F,E
183,F,X
184,H,A
184,H,V
184,H,I
184,H,L
184,H,M
184,H,F
184,H,Y
184,H,W
184,H,S
184,H,T
184,H,N
184,H,Q
184,H,C
184,H,G
184,H,P
184,H,R
184,H,H
184,H,K
184,H,D
184,H,E
184,H,X
185,K,A
185,K,V
185,K,I
185,K,L
185,K,M
185,K,F
185,K,Y
185,K,W
185,K,S
185,K,T
185,K,N
185,K,Q
185,K,C
185,K,G
185,K,P
185,K,R
185,K,H
185,K,K
185,K,D
185,K,E
185,K,X
186,R,A
186,R,V
186,R,I
186,R,L
186,R,M
186,R,F
186,R,Y
186,R,W
186,R,S
186,R,T
186,R,N
186,R,Q
186,R,C
186,R,G
186,R,P
186,R,R
186,R,H
186,R,K
186,R,D
186,R,E
186,R,X
187,F,A
187,F,V
187,F,I
187,F,L
187,F,M
187,F,F
187,F,Y
187,F,W
187,F,S
187,F,T
187,F,N
187,F,Q
187,F,C
187,F,G
187,F,P
187,F,R
187,F,H
187,F,K
187,F,D
187,F,E
187,F,X
188,D,A
188,D,V
188,D,I
188,D,L
188,D,M
188,D,F
188,D,Y
188,D,W
188,D,S
188,D,T
188,D,N
188,D,Q
188,D,C
188,D,G
188,D,P
188,D,R
188,D,H
188,D,K
188,D,D
188,D,E
188,D,X
189,Y,A
189,Y,V
189,Y,I
189,Y,L
189,Y,M
189,Y,F
189,Y,Y
189,Y,W
189,Y,S
189,Y,T
189,Y,N
189,Y,Q
189,Y,C
189,Y,G
189,Y,P
189,Y,R
189,Y,H
189,Y,K
189,Y,D
189,Y,E
189,Y,X
190,K,A
190,K,V
190,K,I
190,K,L
190,K,M
190,K,F
190,K,Y
190,K,W
190,K,S
190,K,T
190,K,N
190,K,Q
190,K,C
190,K,G
190,K,P
190,K,R
190,K,H
190,K,K
190,K,D
190,K,E
190,K,X
191,D,A
191,D,V
191,D,I
191,D,L
191,D,M
191,D,F
191,D,Y
191,D,W
191,D,S
191,D,T
191,D,N
191,D,Q
191,D,C
191,D,G
191,D,P
191,D,R
191,D,H
191,D,K
191,D,D
191,D,E
191,D,X
192,Q,A
192,Q,V
192,Q,I
192,Q,L
192,Q,M
192,Q,F
192,Q,Y
192,Q,W
192,Q,S
192,Q,T
192,Q,N
192,Q,Q
192,Q,C
192,Q,G
192,Q,P
192,Q,R
192,Q,H
192,Q,K
192,Q,D
192,Q,E
192,Q,X
193,Q,A
193,Q,V
193,Q,I
193,Q,L
193,Q,M
193,Q,F
193,Q,Y
193,Q,W
193,Q,S
193,Q,T
193,Q,N
193,Q,Q
193,Q,C
193,Q,G
193,Q,P
193,Q,R
193,Q,H
193,Q,K
193,Q,D
193,Q,E
193,Q,X
194,F,A
194,F,V
194,F,I
194,F,L
194,F,M
194,F,F
194,F,Y
194,F,W
194,F,S
194,F,T
194,F,N
194,F,Q
194,F,C
194,F,G
194,F,P
194,F,R
194,F,H
194,F,K
194,F,D
194,F,E
194,F,X
195,L,A
195,L,V
195,L,I
195,L,L
195,L,M
195,L,F
195,L,Y
195,L,W
195,L,S
195,L,T
195,L,N
195,L,Q
195,L,C
195,L,G
195,L,P
195,L,R
195,L,H
195,L,K
195,L,D
195,L,E
195,L,X
196,N,A
196,N,V
196,N,I
196,N,L
196,N,M
196,N,F
196,N,Y
196,N,W
196,N,S
196,N,T
196,N,N
196,N,Q
196,N,C
196,N,G
196,N,P
196,N,R
196,N,H
196,N,K
196,N,D
196,N,E
196,N,X
197,L,A
197,L,V
197,L,I
197,L,L
197,L,M
197,L,F
197,L,Y
197,L,W
197,L,S
197,L,T
197,L,N
197,L,Q
197,L,C
197,L,G
197,L,P
197,L,R
197,L,H
197,L,K
197,L,D
197,L,E
197,L,X
198,M,A
198,M,V
198,M,I
198,M,L
198,M,M
198,M,F
198,M,Y
198,M,W
198,M,S
198,M,T
198,M,N
198,M,Q
198,M,C
198,M,G
198,M,P
198,M,R
198,M,H
198,M,K
198,M,D
198,M,E
198,M,X
199,E,A
199,E,V
199,E,I
199,E,L
199,E,M
199,E,F
199,E,Y
199,E,W
199,E,S
199,E,T
199,E,N
199,E,Q
199,E,C
199,E,G
199,E,P
199,E,R
199,E,H
199,E,K
199,E,D
199,E,E
199,E,X
200,K,A
200,K,V
200,K,I
200,K,L
200,K,M
200,K,F
200,K,Y
200,K,W
200,K,S
200,K,T
200,K,N
200,K,Q
200,K,C
200,K,G
200,K,P
200,K,R
200,K,H
200,K,K
200,K,D
200,K,E
200,K,X
201,L,A
201,L,V
201,L,I
201,L,L
201,L,M
201,L,F
201,L,Y
201,L,W
201,L,S
201,L,T
201,L,N
201,L,Q
201,L,C
201,L,G
201,L,P
201,L,R
201,L,H
201,L,K
201,L,D
201,L,E
201,L,X
202,N,A
202,N,V
202,N,I
202,N,L
202,N,M
202,N,F
202,N,Y
202,N,W
202,N,S
202,N,T
202,N,N
202,N,Q
202,N,C
202,N,G
202,N,P
202,N,R
202,N,H
202,N,K
202,N,D
202,N,E
202,N,X
203,E,A
203,E,V
203,E,I
203,E,L
203,E,M
203,E,F
203,E,Y
203,E,W
203,E,S
203,E,T
203,E,N
203,E,Q
203,E,C
203,E,G
203,E,P
203,E,R
203,E,H
203,E,K
203,E,D
203,E,E
203,E,X
204,N,A
204,N,V
204,N,I
204,N,L
204,N,M
204,N,F
204,N,Y
204,N,W
204,N,S
204,N,T
204,N,N
204,N,Q
204,N,C
204,N,G
204,N,P
204,N,R
204,N,H
204,N,K
204,N,D
204,N,E
204,N,X
205,I,A
205,I,V
205,I,I
205,I,L
205,I,M
205,I,F
205,I,Y
205,I,W
205,I,S
205,I,T
205,I,N
205,I,Q
205,I,C
205,I,G
205,I,P
205,I,R
205,I,H
205,I,K
205,I,D
205,I,E
205,I,X
206,K,A
206,K,V
206,K,I
206,K,L
206,K,M
206,K,F
206,K,Y
206,K,W
206,K,S
206,K,T
206,K,N
206,K,Q
206,K,C
206,K,G
206,K,P
206,K,R
206,K,H
206,K,K
206,K,D
206,K,E
206,K,X
207,I,A
207,I,V
207,I,I
207,I,L
207,I,M
207,I,F
207,I,Y
207,I,W
207,I,S
207,I,T
207,I,N
207,I,Q
207,I,C
207,I,G
207,I,P
207,I,R
207,I,H
207,I,K
207,I,D
207,I,E
207,I,X
208,L,A
208,L,V
208,L,I
208,L,L
208,L,M
208,L,F
208,L,Y
208,L,W
208,L,S
208,L,T
208,L,N
208,L,Q
208,L,C
208,L,G
208,L,P
208,L,R
208,L,H
208,L,K
208,L,D
208,L,E
208,L,X
209,S,A
209,S,V
209,S,I
209,S,L
209,S,M
209,S,F
209,S,Y
209,S,W
209,S,S
209,S,T
209,S,N
209,S,Q
209,S,C
209,S,G
209,S,P
209,S,R
209,S,H
209,S,K
209,S,D
209,S,E
209,S,X
210,S,A
210,S,V
210,S,I
210,S,L
210,S,M
210,S,F
210,S,Y
210,S,W
210,S,S
210,S,T
210,S,N
210,S,Q
210,S,C
210,S,G
210,S,P
210,S,R
210,S,H
210,S,K
210,S,D
210,S,E
210,S,X
211,P,A
211,P,V
211,P,I
211,P,L
211,P,M
211,P,F
211,P,Y
211,P,W
211,P,S
211,P,T
211,P,N
211,P,Q
211,P,C
211,P,G
211,P,P
211,P,R
211,P,H
211,P,K
211,P,D
211,P,E
211,P,X
212,W,A
212,W,V
212,W,I
212,W,L
212,W,M
212,W,F
212,W,Y
212,W,W
212,W,S
212,W,T
212,W,N
212,W,Q
212,W,C
212,W,G
212,W,P
212,W,R
212,W,H
212,W,K
212,W,D
212,W,E
212,W,X
213,I,A
213,I,V
213,I,I
213,I,L
213,I,M
213,I,F
213,I,Y
213,I,W
213,I,S
213,I,T
213,I,N
213,I,Q
213,I,C
213,I,G
213,I,P
213,I,R
213,I,H
213,I,K
213,I,D
213,I,E
213,I,X
214,Q,A
214,Q,V
214,Q,I
214,Q,L
214,Q,M
214,Q,F
214,Q,Y
214,Q,W
214,Q,S
214,Q,T
214,Q,N
214,Q,Q
214,Q,C
214,Q,G
214,Q,P
214,Q,R
214,Q,H
214,Q,K
214,Q,D
214,Q,E
214,Q,X
215,I,A
215,I,V
215,I,I
215,I,L
215,I,M
215,I,F
215,I,Y
215,I,W
215,I,S
215,I,T
215,I,N
215,I,Q
215,I,C
215,I,G
215,I,P
215,I,R
215,I,H
215,I,K
215,I,D
215,I,E
215,I,X
216,C,A
216,C,V
216,C,I
216,C,L
216,C,M
216,C,F
216,C,Y
216,C,W
216,C,S
216,C,T
216,C,N
216,C,Q
216,C,C
216,C,G
216,C,P
216,C,R
216,C,H
216,C,K
216,C,D
216,C,E
216,C,X
217,N,A
217,N,V
217,N,I
217,N,L
217,N,M
217,N,F
217,N,Y
217,N,W
217,N,S
217,N,T
217,N,N
217,N,Q
217,N,C
217,N,G
217,N,P
217,N,R
217,N,H
217,N,K
217,N,D
217,N,E
217,N,X
218,N,A
218,N,V
218,N,I
218,N,L
218,N,M
218,N,F
218,N,Y
218,N,W
218,N,S
218,N,T
218,N,N
218,N,Q
218,N,C
218,N,G
218,N,P
218,N,R
218,N,H
218,N,K
218,N,D
218,N,E
218,N,X
219,F,A
219,F,V
219,F,I
219,F,L
219,F,M
219,F,F
219,F,Y
219,F,W
219,F,S
219,F,T
219,F,N
219,F,Q
219,F,C
219,F,G
219,F,P
219,F,R
219,F,H
219,F,K
219,F,D
219,F,E
219,F,X
220,S,A
220,S,V
220,S,I
220,S,L
220,S,M
220,S,F
220,S,Y
220,S,W
220,S,S
220,S,T
220,S,N
220,S,Q
220,S,C
220,S,G
220,S,P
220,S,R
220,S,H
220,S,K
220,S,D
220,S,E
220,S,X
221,P,A
221,P,V
221,P,I
221,P,L
221,P,M
221,P,F
221,P,Y
221,P,W
221,P,S
221,P,T
221,P,N
221,P,Q
221,P,C
221,P,G
221,P,P
221,P,R
221,P,H
221,P,K
221,P,D
221,P,E
221,P,X
222,I,A
222,I,V
222,I,I
222,I,L
222,I,M
222,I,F
222,I,Y
222,I,W
222,I,S
222,I,T
222,I,N
222,I,Q
222,I,C
222,I,G
222,I,P
222,I,R
222,I,H
222,I,K
222,I,D
222,I,E
222,I,X
223,I,A
223,I,V
223,I,I
223,I,L
223,I,M
223,I,F
223,I,Y
223,I,W
223,I,S
223,I,T
223,I,N
223,I,Q
223,I,C
223,I,G
223,I,P
223,I,R
223,I,H
223,I,K
223,I,D
223,I,E
223,I,X
224,D,A
224,D,V
224,D,I
224,D,L
224,D,M
224,D,F
224,D,Y
224,D,W
224,D,S
224,D,T
224,D,N
224,D,Q
224,D,C
224,D,G
224,D,P
224,D,R
224,D,H
224,D,K
224,D,D
224,D,E
224,D,X
225,Y,A
225,Y,V
225,Y,I
225,Y,L
225,Y,M
225,Y,F
225,Y,Y
225,Y,W
225,Y,S
225,Y,T
225,Y,N
225,Y,Q
225,Y,C
225,Y,G
225,Y,P
225,Y,R
225,Y,H
225,Y,K
225,Y,D
225,Y,E
225,Y,X
226,F,A
226,F,V
226,F,I
226,F,L
226,F,M
226,F,F
226,F,Y
226,F,W
226,F,S
226,F,T
226,F,N
226,F,Q
226,F,C
226,F,G
226,F,P
226,F,R
226,F,H
226,F,K
226,F,D
226,F,E
226,F,X
227,P,A
227,P,V
227,P,I
227,P,L
227,P,M
227,P,F
227,P,Y
227,P,W
227,P,S
227,P,T
227,P,N
227,P,Q
227,P,C
227,P,G
227,P,P
227,P,R
227,P,H
227,P,K
227,P,D
227,P,E
227,P,X
228,G,A
228,G,V
228,G,I
228,G,L
228,G,M
228,G,F
228,G,Y
228,G,W
228,G,S
228,G,T
228,G,N
228,G,Q
228,G,C
228,G,G
228,G,P
228,G,R
228,G,H
228,G,K
228,G,D
228,G,E
228,G,X
229,T,A
229,T,V
229,T,I
229,T,L
229,T,M
229,T,F
229,T,Y
229,T,W
229,T,S
229,T,T
229,T,N
229,T,Q
229,T,C
229,T,G
229,T,P
229,T,R
229,T,H
229,T,K
229,T,D
229,T,E
229,T,X
230,H,A
230,H,V
230,H,I
230,H,L
230,H,M
230,H,F
230,H,Y
230,H,W
230,H,S
230,H,T
230,H,N
230,H,Q
230,H,C
230,H,G
230,H,P
230,H,R
230,H,H
230,H,K
230,H,D
230,H,E
230,H,X
231,N,A
231,N,V
231,N,I
231,N,L
231,N,M
231,N,F
231,N,Y
231,N,W
231,N,S
231,N,T
231,N,N
231,N,Q
231,N,C
231,N,G
231,N,P
231,N,R
231,N,H
231,N,K
231,N,D
231,N,E
231,N,X
232,K,A
232,K,V
232,K,I
232,K,L
232,K,M
232,K,F
232,K,Y
232,K,W
232,K,S
232,K,T
232,K,N
232,K,Q
232,K,C
232,K,G
232,K,P
232,K,R
232,K,H
232,K,K
232,K,D
232,K,E
232,K,X
233,L,A
233,L,V
233,L,I
233,L,L
233,L,M
233,L,F
233,L,Y
233,L,W
233,L,S
233,L,T
233,L,N
233,L,Q
233,L,C
233,L,G
233,L,P
233,L,R
233,L,H
233,L,K
233,L,D
233,L,E
233,L,X
234,L,A
234,L,V
234,L,I
234,L,L
234,L,M
234,L,F
234,L,Y
234,L,W
234,L,S
234,L,T
234,L,N
234,L,Q
234,L,C
234,L,G
234,L,P
234,L,R
234,L,H
234,L,K
234,L,D
234,L,E
234,L,X
235,K,A
235,K,V
235,K,I
235,K,L
235,K,M
235,K,F
235,K,Y
235,K,W
235,K,S
235,K,T
235,K,N
235,K,Q
235,K,C
235,K,G
235,K,P
235,K,R
235,K,H
235,K,K
235,K,D
235,K,E
235,K,X
236,N,A
236,N,V
236,N,I
236,N,L
236,N,M
236,N,F
236,N,Y
236,N,W
236,N,S
236,N,T
236,N,N
236,N,Q
236,N,C
236,N,G
236,N,P
236,N,R
236,N,H
236,N,K
236,N,D
236,N,E
236,N,X
237,V,A
237,V,V
237,V,I
237,V,L
237,V,M
237,V,F
237,V,Y
237,V,W
237,V,S
237,V,T
237,V,N
237,V,Q
237,V,C
237,V,G
237,V,P
237,V,R
237,V,H
237,V,K
237,V,D
237,V,E
237,V,X
238,A,A
238,A,V
238,A,I
238,A,L
238,A,M
238,A,F
238,A,Y
238,A,W
238,A,S
238,A,T
238,A,N
238,A,Q
238,A,C
238,A,G
238,A,P
238,A,R
238,A,H
238,A,K
238,A,D
238,A,E
238,A,X
239,F,A
239,F,V
239,F,I
239,F,L
239,F,M
239,F,F
239,F,Y
239,F,W
239,F,S
239,F,T
239,F,N
239,F,Q
239,F,C
239,F,G
239,F,P
239,F,R
239,F,H
239,F,K
239,F,D
239,F,E
239,F,X
240,M,A
240,M,V
240,M,I
240,M,L
240,M,M
240,M,F
240,M,Y
240,M,W
240,M,S
240,M,T
240,M,N
240,M,Q
240,M,C
240,M,G
240,M,P
240,M,R
240,M,H
240,M,K
240,M,D
240,M,E
240,M,X
241,K,A
241,K,V
241,K,I
241,K,L
241,K,M
241,K,F
241,K,Y
241,K,W
241,K,S
241,K,T
241,K,N
241,K,Q
241,K,C
241,K,G
241,K,P
241,K,R
241,K,H
241,K,K
241,K,D
241,K,E
241,K,X
242,S,A
242,S,V
242,S,I
242,S,L
242,S,M
242,S,F
242,S,Y
242,S,W
242,S,S
242,S,T
242,S,N
242,S,Q
242,S,C
242,S,G
242,S,P
242,S,R
242,S,H
242,S,K
242,S,D
242,S,E
242,S,X
243,Y,A
243,Y,V
243,Y,I
243,Y,L
243,Y,M
243,Y,F
243,Y,Y
243,Y,W
243,Y,S
243,Y,T
243,Y,N
243,Y,Q
243,Y,C
243,Y,G
243,Y,P
243,Y,R
243,Y,H
243,Y,K
243,Y,D
243,Y,E
243,Y,X
244,I,A
244,I,V
244,I,I
244,I,L
244,I,M
244,I,F
244,I,Y
244,I,W
244,I,S
244,I,T
244,I,N
244,I,Q
244,I,C
244,I,G
244,I,P
244,I,R
244,I,H
244,I,K
244,I,D
244,I,E
244,I,X
245,L,A
245,L,V
245,L,I
245,L,L
245,L,M
245,L,F
245,L,Y
245,L,W
245,L,S
245,L,T
245,L,N
245,L,Q
245,L,C
245,L,G
245,L,P
245,L,R
245,L,H
245,L,K
245,L,D
245,L,E
245,L,X
246,E,A
246,E,V
246,E,I
246,E,L
246,E,M
246,E,F
246,E,Y
246,E,W
246,E,S
246,E,T
246,E,N
246,E,Q
246,E,C
246,E,G
246,E,P
246,E,R
246,E,H
246,E,K
246,E,D
246,E,E
246,E,X
247,K,A
247,K,V
247,K,I
247,K,L
247,K,M
247,K,F
247,K,Y
247,K,W
247,K,S
247,K,T
247,K,N
247,K,Q
247,K,C
247,K,G
247,K,P
247,K,R
247,K,H
247,K,K
247,K,D
247,K,E
247,K,X
248,V,A
248,V,V
248,V,I
248,V,L
248,V,M
248,V,F
248,V,Y
248,V,W
248,V,S
248,V,T
248,V,N
248,V,Q
248,V,C
248,V,G
248,V,P
248,V,R
248,V,H
248,V,K
248,V,D
248,V,E
248,V,X
249,K,A
249,K,V
249,K,I
249,K,L
249,K,M
249,K,F
249,K,Y
249,K,W
249,K,S
249,K,T
249,K,N
249,K,Q
249,K,C
249,K,G
249,K,P
249,K,R
249,K,H
249,K,K
249,K,D
249,K,E
249,K,X
250,E,A
250,E,V
250,E,I
250,E,L
250,E,M
250,E,F
250,E,Y
250,E,W
250,E,S
250,E,T
250,E,N
250,E,Q
250,E,C
250,E,G
250,E,P
250,E,R
250,E,H
250,E,K
250,E,D
250,E,E
250,E,X
251,H,A
251,H,V
251,H,I
251,H,L
251,H,M
251,H,F
251,H,Y
251,H,W
251,H,S
251,H,T
251,H,N
251,H,Q
251,H,C
251,H,G
251,H,P
251,H,R
251,H,H
251,H,K
251,H,D
251,H,E
251,H,X
252,Q,A
252,Q,V
252,Q,I
252,Q,L
252,Q,M
252,Q,F
252,Q,Y
252,Q,W
252,Q,S
252,Q,T
252,Q,N
252,Q,Q
252,Q,C
252,Q,G
252,Q,P
252,Q,R
252,Q,H
252,Q,K
252,Q,D
252,Q,E
252,Q,X
253,E,A
253,E,V
253,E,I
253,E,L
253,E,M
253,E,F
253,E,Y
253,E,W
253,E,S
253,E,T
253,E,N
253,E,Q
253,E,C
253,E,G
253,E,P
253,E,R
253,E,H
253,E,K
253,E,D
253,E,E
253,E,X
254,S,A
254,S,V
254,S,I
254,S,L
254,S,M
254,S,F
254,S,Y
254,S,W
254,S,S
254,S,T
254,S,N
254,S,Q
254,S,C
254,S,G
254,S,P
254,S,R
254,S,H
254,S,K
254,S,D
254,S,E
254,S,X
255,M,A
255,M,V
255,M,I
255,M,L
255,M,M
255,M,F
255,M,Y
255,M,W
255,M,S
255,M,T
255,M,N
255,M,Q
255,M,C
255,M,G
255,M,P
255,M,R
255,M,H
255,M,K
255,M,D
255,M,E
255,M,X
256,D,A
256,D,V
256,D,I
256,D,L
256,D,M
256,D,F
256,D,Y
256,D,W
256,D,S
256,D,T
256,D,N
256,D,Q
256,D,C
256,D,G
256,D,P
256,D,R
256,D,H
256,D,K
256,D,D
256,D,E
256,D,X
257,M,A
257,M,V
257,M,I
257,M,L
257,M,M
257,M,F
257,M,Y
257,M,W
257,M,S
257,M,T
257,M,N
257,M,Q
257,M,C
257,M,G
257,M,P
257,M,R
257,M,H
257,M,K
257,M,D
257,M,E
257,M,X
258,N,A
258,N,V
258,N,I
258,N,L
258,N,M
258,N,F
258,N,Y
258,N,W
258,N,S
258,N,T
258,N,N
258,N,Q
258,N,C
258,N,G
258,N,P
258,N,R
258,N,H
258,N,K
258,N,D
258,N,E
258,N,X
259,N,A
259,N,V
259,N,I
259,N,L
259,N,M
259,N,F
259,N,Y
259,N,W
259,N,S
259,N,T
259,N,N
259,N,Q
259,N,C
259,N,G
259,N,P
259,N,R
259,N,H
259,N,K
259,N,D
259,N,E
259,N,X
260,P,A
260,P,V
260,P,I
260,P,L
260,P,M
260,P,F
260,P,Y
260,P,W
260,P,S
260,P,T
260,P,N
260,P,Q
260,P,C
260,P,G
260,P,P
260,P,R
260,P,H
260,P,K
260,P,D
260,P,E
260,P,X
261,Q,A
261,Q,V
261,Q,I
261,Q,L
261,Q,M
261,Q,F
261,Q,Y
261,Q,W
261,Q,S
261,Q,T
261,Q,N
261,Q,Q
261,Q,C
261,Q,G
261,Q,P
261,Q,R
261,Q,H
261,Q,K
261,Q,D
261,Q,E
261,Q,X
262,D,A
262,D,V
262,D,I
262,D,L
262,D,M
262,D,F
262,D,Y
262,D,W
262,D,S
262,D,T
262,D,N
262,D,Q
262,D,C
262,D,G
262,D,P
262,D,R
262,D,H
262,D,K
262,D,D
262,D,E
262,D,X
263,F,A
263,F,V
263,F,I
263,F,L
263,F,M
263,F,F
263,F,Y
263,F,W
263,F,S
263,F,T
263,F,N
263,F,Q
263,F,C
263,F,G
263,F,P
263,F,R
263,F,H
263,F,K
263,F,D
263,F,E
263,F,X
264,I,A
264,I,V
264,I,I
264,I,L
264,I,M
264,I,F
264,I,Y
264,I,W
264,I,S
264,I,T
264,I,N
264,I,Q
264,I,C
264,I,G
264,I,P
264,I,R
264,I,H
264,I,K
264,I,D
264,I,E
264,I,X
265,D,A
265,D,V
265,D,I
265,D,L
265,D,M
265,D,F
265,D,Y
265,D,W
265,D,S
265,D,T
265,D,N
265,D,Q
265,D,C
265,D,G
265,D,P
265,D,R
265,D,H
265,D,K
265,D,D
265,D,E
265,D,X
266,C,A
266,C,V
266,C,I
266,C,L
266,C,M
266,C,F
266,C,Y
266,C,W
266,C,S
266,C,T
266,C,N
266,C,Q
266,C,C
266,C,G
266,C,P
266,C,R
266,C,H
266,C,K
266,C,D
266,C,E
266,C,X
267,F,A
267,F,V
267,F,I
267,F,L
267,F,M
267,F,F
267,F,Y
267,F,W
267,F,S
267,F,T
267,F,N
267,F,Q
267,F,C
267,F,G
267,F,P
267,F,R
267,F,H
267,F,K
267,F,D
267,F,E
267,F,X
268,L,A
268,L,V
268,L,I
268,L,L
268,L,M
268,L,F
268,L,Y
268,L,W
268,L,S
268,L,T
268,L,N
268,L,Q
268,L,C
268,L,G
268,L,P
268,L,R
268,L,H
268,L,K
268,L,D
268,L,E
268,L,X
269,M,A
269,M,V
269,M,I
269,M,L
269,M,M
269,M,F
269,M,Y
269,M,W
269,M,S
269,M,T
269,M,N
269,M,Q
269,M,C
269,M,G
269,M,P
269,M,R
269,M,H
269,M,K
269,M,D
269,M,E
269,M,X
270,K,A
270,K,V
270,K,I
270,K,L
270,K,M
270,K,F
270,K,Y
270,K,W
270,K,S
270,K,T
270,K,N
270,K,Q
270,K,C
270,K,G
270,K,P
270,K,R
270,K,H
270,K,K
270,K,D
270,K,E
270,K,X
271,M,A
271,M,V
271,M,I
271,M,L
271,M,M
271,M,F
271,M,Y
271,M,W
271,M,S
271,M,T
271,M,N
271,M,Q
271,M,C
271,M,G
271,M,P
271,M,R
271,M,H
271,M,K
271,M,D
271,M,E
271,M,X
272,E,A
272,E,V
272,E,I
272,E,L
272,E,M
272,E,F
272,E,Y
272,E,W
272,E,S
272,E,T
272,E,N
272,E,Q
272,E,C
272,E,G
272,E,P
272,E,R
272,E,H
272,E,K
272,E,D
272,E,E
272,E,X
273,K,A
273,K,V
273,K,I
273,K,L
273,K,M
273,K,F
273,K,Y
273,K,W
273,K,S
273,K,T
273,K,N
273,K,Q
273,K,C
273,K,G
273,K,P
273,K,R
273,K,H
273,K,K
273,K,D
273,K,E
273,K,X
274,E,A
274,E,V
274,E,I
274,E,L
274,E,M
274,E,F
274,E,Y
274,E,W
274,E,S
274,E,T
274,E,N
274,E,Q
274,E,C
274,E,G
274,E,P
274,E,R
274,E,H
274,E,K
274,E,D
274,E,E
274,E,X
275,K,A
275,K,V
275,K,I
275,K,L
275,K,M
275,K,F
275,K,Y
275,K,W
275,K,S
275,K,T
275,K,N
275,K,Q
275,K,C
275,K,G
275,K,P
275,K,R
275,K,H
275,K,K
275,K,D
275,K,E
275,K,X
276,H,A
276,H,V
276,H,I
276,H,L
276,H,M
276,H,F
276,H,Y
276,H,W
276,H,S
276,H,T
276,H,N
276,H,Q
276,H,C
276,H,G
276,H,P
276,H,R
276,H,H
276,H,K
276,H,D
276,H,E
276,H,X
277,N,A
277,N,V
277,N,I
277,N,L
277,N,M
277,N,F
277,N,Y
277,N,W
277,N,S
277,N,T
277,N,N
277,N,Q
277,N,C
277,N,G
277,N,P
277,N,R
277,N,H
277,N,K
277,N,D
277,N,E
277,N,X
278,Q,A
278,Q,V
278,Q,I
278,Q,L
278,Q,M
278,Q,F
278,Q,Y
278,Q,W
278,Q,S
278,Q,T
278,Q,N
278,Q,Q
278,Q,C
278,Q,G
278,Q,P
278,Q,R
278,Q,H
278,Q,K
278,Q,D
278,Q,E
278,Q,X
279,P,A
279,P,V
279,P,I
279,P,L
279,P,M
279,P,F
279,P,Y
279,P,W
279,P,S
279,P,T
279,P,N
279,P,Q
279,P,C
279,P,G
279,P,P
279,P,R
279,P,H
279,P,K
279,P,D
279,P,E
279,P,X
280,S,A
280,S,V
280,S,I
280,S,L
280,S,M
280,S,F
280,S,Y
280,S,W
280,S,S
280,S,T
280,S,N
280,S,Q
280,S,C
280,S,G
280,S,P
280,S,R
280,S,H
280,S,K
280,S,D
280,S,E
280,S,X
281,E,A
281,E,V
281,E,I
281,E,L
281,E,M
281,E,F
281,E,Y
281,E,W
281,E,S
281,E,T
281,E,N
281,E,Q
281,E,C
281,E,G
281,E,P
281,E,R
281,E,H
281,E,K
281,E,D
281,E,E
281,E,X
282,F,A
282,F,V
282,F,I
282,F,L
282,F,M
282,F,F
282,F,Y
282,F,W
282,F,S
282,F,T
282,F,N
282,F,Q
282,F,C
282,F,G
282,F,P
282,F,R
282,F,H
282,F,K
282,F,D
282,F,E
282,F,X
283,T,A
283,T,V
283,T,I
283,T,L
283,T,M
283,T,F
283,T,Y
283,T,W
283,T,S
283,T,T
283,T,N
283,T,Q
283,T,C
283,T,G
283,T,P
283,T,R
283,T,H
283,T,K
283,T,D
283,T,E
283,T,X
284,I,A
284,I,V
284,I,I
284,I,L
284,I,M
284,I,F
284,I,Y
284,I,W
284,I,S
284,I,T
284,I,N
284,I,Q
284,I,C
284,I,G
284,I,P
284,I,R
284,I,H
284,I,K
284,I,D
284,I,E
284,I,X
285,E,A
285,E,V
285,E,I
285,E,L
285,E,M
285,E,F
285,E,Y
285,E,W
285,E,S
285,E,T
285,E,N
285,E,Q
285,E,C
285,E,G
285,E,P
285,E,R
285,E,H
285,E,K
285,E,D
285,E,E
285,E,X
286,S,A
286,S,V
286,S,I
286,S,L
286,S,M
286,S,F
286,S,Y
286,S,W
286,S,S
286,S,T
286,S,N
286,S,Q
286,S,C
286,S,G
286,S,P
286,S,R
286,S,H
286,S,K
286,S,D
286,S,E
286,S,X
287,L,A
287,L,V
287,L,I
287,L,L
287,L,M
287,L,F
287,L,Y
287,L,W
287,L,S
287,L,T
287,L,N
287,L,Q
287,L,C
287,L,G
287,L,P
287,L,R
287,L,H
287,L,K
287,L,D
287,L,E
287,L,X
288,E,A
288,E,V
288,E,I
288,E,L
288,E,M
288,E,F
288,E,Y
288,E,W
288,E,S
288,E,T
288,E,N
288,E,Q
288,E,C
288,E,G
288,E,P
288,E,R
288,E,H
288,E,K
288,E,D
288,E,E
288,E,X
289,N,A
289,N,V
289,N,I
289,N,L
289,N,M
289,N,F
289,N,Y
289,N,W
289,N,S
289,N,T
289,N,N
289,N,Q
289,N,C
289,N,G
289,N,P
289,N,R
289,N,H
289,N,K
289,N,D
289,N,E
289,N,X
290,T,A
290,T,V
290,T,I
290,T,L
290,T,M
290,T,F
290,T,Y
290,T,W
290,T,S
290,T,T
290,T,N
290,T,Q
290,T,C
290,T,G
290,T,P
290,T,R
290,T,H
290,T,K
290,T,D
290,T,E
290,T,X
291,A,A
291,A,V
291,A,I
291,A,L
291,A,M
291,A,F
291,A,Y
291,A,W
291,A,S
291,A,T
291,A,N
291,A,Q
291,A,C
291,A,G
291,A,P
291,A,R
291,A,H
291,A,K
291,A,D
291,A,E
291,A,X
292,V,A
292,V,V
292,V,I
292,V,L
292,V,M
292,V,F
292,V,Y
292,V,W
292,V,S
292,V,T
292,V,N
292,V,Q
292,V,C
292,V,G
292,V,P
292,V,R
292,V,H
292,V,K
292,V,D
292,V,E
292,V,X
293,D,A
293,D,V
293,D,I
293,D,L
293,D,M
293,D,F
293,D,Y
293,D,W
293,D,S
293,D,T
293,D,N
293,D,Q
293,D,C
293,D,G
293,D,P
293,D,R
293,D,H
293,D,K
293,D,D
293,D,E
293,D,X
294,L,A
294,L,V
294,L,I
294,L,L
294,L,M
294,L,F
294,L,Y
294,L,W
294,L,S
294,L,T
294,L,N
294,L,Q
294,L,C
294,L,G
294,L,P
294,L,R
294,L,H
294,L,K
294,L,D
294,L,E
294,L,X
295,F,A
295,F,V
295,F,I
295,F,L
295,F,M
295,F,F
295,F,Y
295,F,W
295,F,S
295,F,T
295,F,N
295,F,Q
295,F,C
295,F,G
295,F,P
295,F,R
295,F,H
295,F,K
295,F,D
295,F,E
295,F,X
296,G,A
296,G,V
296,G,I
296,G,L
296,G,M
296,G,F
296,G,Y
296,G,W
296,G,S
296,G,T
296,G,N
296,G,Q
296,G,C
296,G,G
296,G,P
296,G,R
296,G,H
296,G,K
296,G,D
296,G,E
296,G,X
297,A,A
297,A,V
297,A,I
297,A,L
297,A,M
297,A,F
297,A,Y
297,A,W
297,A,S
297,A,T
297,A,N
297,A,Q
297,A,C
297,A,G
297,A,P
297,A,R
297,A,H
297,A,K
297,A,D
297,A,E
297,A,X
298,G,A
298,G,V
298,G,I
298,G,L
298,G,M
298,G,F
298,G,Y
298,G,W
298,G,S
298,G,T
298,G,N
298,G,Q
298,G,C
298,G,G
298,G,P
298,G,R
298,G,H
298,G,K
298,G,D
298,G,E
298,G,X
299,T,A
299,T,V
299,T,I
299,T,L
299,T,M
299,T,F
299,T,Y
299,T,W
299,T,S
299,T,T
299,T,N
299,T,Q
299,T,C
299,T,G
299,T,P
299,T,R
299,T,H
299,T,K
299,T,D
299,T,E
299,T,X
300,E,A
300,E,V
300,E,I
300,E,L
300,E,M
300,E,F
300,E,Y
300,E,W
300,E,S
300,E,T
300,E,N
300,E,Q
300,E,C
300,E,G
300,E,P
300,E,R
300,E,H
300,E,K
300,E,D
300,E,E
300,E,X
301,T,A
301,T,V
301,T,I
301,T,L
301,T,M
301,T,F
301,T,Y
301,T,W
301,T,S
301,T,T
301,T,N
301,T,Q
301,T,C
301,T,G
301,T,P
301,T,R
301,T,H
301,T,K
301,T,D
301,T,E
301,T,X
302,T,A
302,T,V
302,T,I
302,T,L
302,T,M
302,T,F
302,T,Y
302,T,W
302,T,S
302,T,T
302,T,N
302,T,Q
302,T,C
302,T,G
302,T,P
302,T,R
302,T,H
302,T,K
302,T,D
302,T,E
302,T,X
303,S,A
303,S,V
303,S,I
303,S,L
303,S,M
303,S,F
303,S,Y
303,S,W
303,S,S
303,S,T
303,S,N
303,S,Q
303,S,C
303,S,G
303,S,P
303,S,R
303,S,H
303,S,K
303,S,D
303,S,E
303,S,X
304,T,A
304,T,V
304,T,I
304,T,L
304,T,M
304,T,F
304,T,Y
304,T,W
304,T,S
304,T,T
304,T,N
304,T,Q
304,T,C
304,T,G
304,T,P
304,T,R
304,T,H
304,T,K
304,T,D
304,T,E
304,T,X
305,T,A
305,T,V
305,T,I
305,T,L
305,T,M
305,T,F
305,T,Y
305,T,W
305,T,S
305,T,T
305,T,N
305,T,Q
305,T,C
305,T,G
305,T,P
305,T,R
305,T,H
305,T,K
305,T,D
305,T,E
305,T,X
306,L,A
306,L,V
306,L,I
306,L,L
306,L,M
306,L,F
306,L,Y
306,L,W
306,L,S
306,L,T
306,L,N
306,L,Q
306,L,C
306,L,G
306,L,P
306,L,R
306,L,H
306,L,K
306,L,D
306,L,E
306,L,X
307,R,A
307,R,V
307,R,I
307,R,L
307,R,M
307,R,F
307,R,Y
307,R,W
307,R,S
307,R,T
307,R,N
307,R,Q
307,R,C
307,R,G
307,R,P
307,R,R
307,R,H
307,R,K
307,R,D
307,R,E
307,R,X
308,Y,A
308,Y,V
308,Y,I
308,Y,L
308,Y,M
308,Y,F
308,Y,Y
308,Y,W
308,Y,S
308,Y,T
308,Y,N
308,Y,Q
308,Y,C
308,Y,G
308,Y,P
308,Y,R
308,Y,H
308,Y,K
308,Y,D
308,Y,E
308,Y,X
309,A,A
309,A,V
309,A,I
309,A,L
309,A,M
309,A,F
309,A,Y
309,A,W
309,A,S
309,A,T
309,A,N
309,A,Q
309,A,C
309,A,G
309,A,P
309,A,R
309,A,H
309,A,K
309,A,D
309,A,E
309,A,X
310,L,A
310,L,V
310,L,I
310,L,L
310,L,M
310,L,F
310,L,Y
310,L,W
310,L,S
310,L,T
310,L,N
310,L,Q
310,L,C
310,L,G
310,L,P
310,L,R
310,L,H
310,L,K
310,L,D
310,L,E
310,L,X
311,L,A
311,L,V
311,L,I
311,L,L
311,L,M
311,L,F
311,L,Y
311,L,W
311,L,S
311,L,T
311,L,N
311,L,Q
311,L,C
311,L,G
311,L,P
311,L,R
311,L,H
311,L,K
311,L,D
311,L,E
311,L,X
312,L,A
312,L,V
312,L,I
312,L,L
312,L,M
312,L,F
312,L,Y
312,L,W
312,L,S
312,L,T
312,L,N
312,L,Q
312,L,C
312,L,G
312,L,P
312,L,R
312,L,H
312,L,K
312,L,D
312,L,E
312,L,X
313,L,A
313,L,V
313,L,I
313,L,L
313,L,M
313,L,F
313,L,Y
313,L,W
313,L,S
313,L,T
313,L,N
313,L,Q
313,L,C
313,L,G
313,L,P
313,L,R
313,L,H
313,L,K
313,L,D
313,L,E
313,L,X
314,L,A
314,L,V
314,L,I
314,L,L
314,L,M
314,L,F
314,L,Y
314,L,W
314,L,S
314,L,T
314,L,N
314,L,Q
314,L,C
314,L,G
314,L,P
314,L,R
314,L,H
314,L,K
314,L,D
314,L,E
314,L,X
315,K,A
315,K,V
315,K,I
315,K,L
315,K,M
315,K,F
315,K,Y
315,K,W
315,K,S
315,K,T
315,K,N
315,K,Q
315,K,C
315,K,G
315,K,P
315,K,R
315,K,H
315,K,K
315,K,D
315,K,E
315,K,X
316,H,A
316,H,V
316,H,I
316,H,L
316,H,M
316,H,F
316,H,Y
316,H,W
316,H,S
316,H,T
316,H,N
316,H,Q
316,H,C
316,H,G
316,H,P
316,H,R
316,H,H
316,H,K
316,H,D
316,H,E
316,H,X
317,P,A
317,P,V
317,P,I
317,P,L
317,P,M
317,P,F
317,P,Y
317,P,W
317,P,S
317,P,T
317,P,N
317,P,Q
317,P,C
317,P,G
317,P,P
317,P,R
317,P,H
317,P,K
317,P,D
317,P,E
317,P,X
318,E,A
318,E,V
318,E,I
318,E,L
318,E,M
318,E,F
318,E,Y
318,E,W
318,E,S
318,E,T
318,E,N
318,E,Q
318,E,C
318,E,G
318,E,P
318,E,R
318,E,H
318,E,K
318,E,D
318,E,E
318,E,X
319,V,A
319,V,V
319,V,I
319,V,L
319,V,M
319,V,F
319,V,Y
319,V,W
319,V,S
319,V,T
319,V,N
319,V,Q
319,V,C
319,V,G
319,V,P
319,V,R
319,V,H
319,V,K
319,V,D
319,V,E
319,V,X
320,T,A
320,T,V
320,T,I
320,T,L
320,T,M
320,T,F
320,T,Y
320,T,W
320,T,S
320,T,T
320,T,N
320,T,Q
320,T,C
320,T,G
320,T,P
320,T,R
320,T,H
320,T,K
320,T,D
320,T,E
320,T,X
321,A,A
321,A,V
321,A,I
321,A,L
321,A,M
321,A,F
321,A,Y
321,A,W
321,A,S
321,A,T
321,A,N
321,A,Q
321,A,C
321,A,G
321,A,P
321,A,R
321,A,H
321,A,K
321,A,D
321,A,E
321,A,X
322,K,A
322,K,V
322,K,I
322,K,L
322,K,M
322,K,F
322,K,Y
322,K,W
322,K,S
322,K,T
322,K,N
322,K,Q
322,K,C
322,K,G
322,K,P
322,K,R
322,K,H
322,K,K
322,K,D
322,K,E
322,K,X
323,V,A
323,V,V
323,V,I
323,V,L
323,V,M
323,V,F
323,V,Y
323,V,W
323,V,S
323,V,T
323,V,N
323,V,Q
323,V,C
323,V,G
323,V,P
323,V,R
323,V,H
323,V,K
323,V,D
323,V,E
323,V,X
324,Q,A
324,Q,V
324,Q,I
324,Q,L
324,Q,M
324,Q,F
324,Q,Y
324,Q,W
324,Q,S
324,Q,T
324,Q,N
324,Q,Q
324,Q,C
324,Q,G
324,Q,P
324,Q,R
324,Q,H
324,Q,K
324,Q,D
324,Q,E
324,Q,X
325,E,A
325,E,V
325,E,I
325,E,L
325,E,M
325,E,F
325,E,Y
325,E,W
325,E,S
325,E,T
325,E,N
325,E,Q
325,E,C
325,E,G
325,E,P
325,E,R
325,E,H
325,E,K
325,E,D
325,E,E
325,E,X
326,E,A
326,E,V
326,E,I
326,E,L
326,E,M
326,E,F
326,E,Y
326,E,W
326,E,S
326,E,T
326,E,N
326,E,Q
326,E,C
326,E,G
326,E,P
326,E,R
326,E,H
326,E,K
326,E,D
326,E,E
326,E,X
327,I,A
327,I,V
327,I,I
327,I,L
327,I,M
327,I,F
327,I,Y
327,I,W
327,I,S
327,I,T
327,I,N
327,I,Q
327,I,C
327,I,G
327,I,P
327,I,R
327,I,H
327,I,K
327,I,D
327,I,E
327,I,X
328,E,A
328,E,V
328,E,I
328,E,L
328,E,M
328,E,F
328,E,Y
328,E,W
328,E,S
328,E,T
328,E,N
328,E,Q
328,E,C
328,E,G
328,E,P
328,E,R
328,E,H
328,E,K
328,E,D
328,E,E
328,E,X
329,R,A
329,R,V
329,R,I
329,R,L
329,R,M
329,R,F
329,R,Y
329,R,W
329,R,S
329,R,T
329,R,N
329,R,Q
329,R,C
329,R,G
329,R,P
329,R,R
329,R,H
329,R,K
329,R,D
329,R,E
329,R,X
330,V,A
330,V,V
330,V,I
330,V,L
330,V,M
330,V,F
330,V,Y
330,V,W
330,V,S
330,V,T
330,V,N
330,V,Q
330,V,C
330,V,G
330,V,P
330,V,R
330,V,H
330,V,K
330,V,D
330,V,E
330,V,X
331,I,A
331,I,V
331,I,I
331,I,L
331,I,M
331,I,F
331,I,Y
331,I,W
331,I,S
331,I,T
331,I,N
331,I,Q
331,I,C
331,I,G
331,I,P
331,I,R
331,I,H
331,I,K
331,I,D
331,I,E
331,I,X
332,G,A
332,G,V
332,G,I
332,G,L
332,G,M
332,G,F
332,G,Y
332,G,W
332,G,S
332,G,T
332,G,N
332,G,Q
332,G,C
332,G,G
332,G,P
332,G,R
332,G,H
332,G,K
332,G,D
332,G,E
332,G,X
333,R,A
333,R,V
333,R,I
333,R,L
333,R,M
333,R,F
333,R,Y
333,R,W
333,R,S
333,R,T
333,R,N
333,R,Q
333,R,C
333,R,G
333,R,P
333,R,R
333,R,H
333,R,K
333,R,D
333,R,E
333,R,X
334,N,A
334,N,V
334,N,I
334,N,L
334,N,M
334,N,F
334,N,Y
334,N,W
334,N,S
334,N,T
334,N,N
334,N,Q
334,N,C
334,N,G
334,N,P
334,N,R
334,N,H
334,N,K
334,N,D
334,N,E
334,N,X
335,R,A
335,R,V
335,R,I
335,R,L
335,R,M
335,R,F
335,R,Y
335,R,W
335,R,S
335,R,T
335,R,N
335,R,Q
335,R,C
335,R,G
335,R,P
335,R,R
335,R,H
335,R,K
335,R,D
335,R,E
335,R,X
336,S,A
336,S,V
336,S,I
336,S,L
336,S,M
336,S,F
336,S,Y
336,S,W
336,S,S
336,S,T
336,S,N
336,S,Q
336,S,C
336,S,G
336,S,P
336,S,R
336,S,H
336,S,K
336,S,D
336,S,E
336,S,X
337,P,A
337,P,V
337,P,I
337,P,L
337,P,M
337,P,F
337,P,Y
337,P,W
337,P,S
337,P,T
337,P,N
337,P,Q
337,P,C
337,P,G
337,P,P
337,P,R
337,P,H
337,P,K
337,P,D
337,P,E
337,P,X
338,C,A
338,C,V
338,C,I
338,C,L
338,C,M
338,C,F
338,C,Y
338,C,W
338,C,S
338,C,T
338,C,N
338,C,Q
338,C,C
338,C,G
338,C,P
338,C,R
338,C,H
338,C,K
338,C,D
338,C,E
338,C,X
339,M,A
339,M,V
339,M,I
339,M,L
339,M,M
339,M,F
339,M,Y
339,M,W
339,M,S
339,M,T
339,M,N
339,M,Q
339,M,C
339,M,G
339,M,P
339,M,R
339,M,H
339,M,K
339,M,D
339,M,E
339,M,X
340,Q,A
340,Q,V
340,Q,I
340,Q,L
340,Q,M
340,Q,F
340,Q,Y
340,Q,W
340,Q,S
340,Q,T
340,Q,N
340,Q,Q
340,Q,C
340,Q,G
340,Q,P
340,Q,R
340,Q,H
340,Q,K
340,Q,D
340,Q,E
340,Q,X
341,D,A
341,D,V
341,D,I
341,D,L
341,D,M
341,D,F
341,D,Y
341,D,W
341,D,S
341,D,T
341,D,N
341,D,Q
341,D,C
341,D,G
341,D,P
341,D,R
341,D,H
341,D,K
341,D,D
341,D,E
341,D,X
342,R,A
342,R,V
342,R,I
342,R,L
342,R,M
342,R,F
342,R,Y
342,R,W
342,R,S
342,R,T
342,R,N
342,R,Q
342,R,C
342,R,G
342,R,P
342,R,R
342,R,H
342,R,K
342,R,D
342,R,E
342,R,X
343,S,A
343,S,V
343,S,I
343,S,L
343,S,M
343,S,F
343,S,Y
343,S,W
343,S,S
343,S,T
343,S,N
343,S,Q
343,S,C
343,S,G
343,S,P
343,S,R
343,S,H
343,S,K
343,S,D
343,S,E
343,S,X
344,H,A
344,H,V
344,H,I
344,H,L
344,H,M
344,H,F
344,H,Y
344,H,W
344,H,S
344,H,T
344,H,N
344,H,Q
344,H,C
344,H,G
344,H,P
344,H,R
344,H,H
344,H,K
344,H,D
344,H,E
344,H,X
345,M,A
345,M,V
345,M,I
345,M,L
345,M,M
345,M,F
345,M,Y
345,M,W
345,M,S
345,M,T
345,M,N
345,M,Q
345,M,C
345,M,G
345,M,P
345,M,R
345,M,H
345,M,K
345,M,D
345,M,E
345,M,X
346,P,A
346,P,V
346,P,I
346,P,L
346,P,M
346,P,F
346,P,Y
346,P,W
346,P,S
346,P,T
346,P,N
346,P,Q
346,P,C
346,P,G
346,P,P
346,P,R
346,P,H
346,P,K
346,P,D
346,P,E
346,P,X
347,Y,A
347,Y,V
347,Y,I
347,Y,L
347,Y,M
347,Y,F
347,Y,Y
347,Y,W
347,Y,S
347,Y,T
347,Y,N
347,Y,Q
347,Y,C
347,Y,G
347,Y,P
347,Y,R
347,Y,H
347,Y,K
347,Y,D
347,Y,E
347,Y,X
348,T,A
348,T,V
348,T,I
348,T,L
348,T,M
348,T,F
348,T,Y
348,T,W
348,T,S
348,T,T
348,T,N
348,T,Q
348,T,C
348,T,G
348,T,P
348,T,R
348,T,H
348,T,K
348,T,D
348,T,E
348,T,X
349,D,A
349,D,V
349,D,I
349,D,L
349,D,M
349,D,F
349,D,Y
349,D,W
349,D,S
349,D,T
349,D,N
349,D,Q
349,D,C
349,D,G
349,D,P
349,D,R
349,D,H
349,D,K
349,D,D
349,D,E
349,D,X
350,A,A
350,A,V
350,A,I
350,A,L
350,A,M
350,A,F
350,A,Y
350,A,W
350,A,S
350,A,T
350,A,N
350,A,Q
350,A,C
350,A,G
350,A,P
350,A,R
350,A,H
350,A,K
350,A,D
350,A,E
350,A,X
351,V,A
351,V,V
351,V,I
351,V,L
351,V,M
351,V,F
351,V,Y
351,V,W
351,V,S
351,V,T
351,V,N
351,V,Q
351,V,C
351,V,G
351,V,P
351,V,R
351,V,H
351,V,K
351,V,D
351,V,E
351,V,X
352,V,A
352,V,V
352,V,I
352,V,L
352,V,M
352,V,F
352,V,Y
352,V,W
352,V,S
352,V,T
352,V,N
352,V,Q
352,V,C
352,V,G
352,V,P
352,V,R
352,V,H
352,V,K
352,V,D
352,V,E
352,V,X
353,H,A
353,H,V
353,H,I
353,H,L
353,H,M
353,H,F
353,H,Y
353,H,W
353,H,S
353,H,T
353,H,N
353,H,Q
353,H,C
353,H,G
353,H,P
353,H,R
353,H,H
353,H,K
353,H,D
353,H,E
353,H,X
354,E,A
354,E,V
354,E,I
354,E,L
354,E,M
354,E,F
354,E,Y
354,E,W
354,E,S
354,E,T
354,E,N
354,E,Q
354,E,C
354,E,G
354,E,P
354,E,R
354,E,H
354,E,K
354,E,D
354,E,E
354,E,X
355,V,A
355,V,V
355,V,I
355,V,L
355,V,M
355,V,F
355,V,Y
355,V,W
355,V,S
355,V,T
355,V,N
355,V,Q
355,V,C
355,V,G
355,V,P
355,V,R
355,V,H
355,V,K
355,V,D
355,V,E
355,V,X
356,Q,A
356,Q,V
356,Q,I
356,Q,L
356,Q,M
356,Q,F
356,Q,Y
356,Q,W
356,Q,S
356,Q,T
356,Q,N
356,Q,Q
356,Q,C
356,Q,G
356,Q,P
356,Q,R
356,Q,H
356,Q,K
356,Q,D
356,Q,E
356,Q,X
357,R,A
357,R,V
357,R,I
357,R,L
357,R,M
357,R,F
357,R,Y
357,R,W
357,R,S
357,R,T
357,R,N
357,R,Q
357,R,C
357,R,G
357,R,P
357,R,R
357,R,H
357,R,K
357,R,D
357,R,E
357,R,X
358,Y,A
358,Y,V
358,Y,I
358,Y,L
358,Y,M
358,Y,F
358,Y,Y
358,Y,W
358,Y,S
358,Y,T
358,Y,N
358,Y,Q
358,Y,C
358,Y,G
358,Y,P
358,Y,R
358,Y,H
358,Y,K
358,Y,D
358,Y,E
358,Y,X
359,I,A
359,I,V
359,I,I
359,I,L
359,I,M
359,I,F
359,I,Y
359,I,W
359,I,S
359,I,T
359,I,N
359,I,Q
359,I,C
359,I,G
359,I,P
359,I,R
359,I,H
359,I,K
359,I,D
359,I,E
359,I,X
360,D,A
360,D,V
360,D,I
360,D,L
360,D,M
360,D,F
360,D,Y
360,D,W
360,D,S
360,D,T
360,D,N
360,D,Q
360,D,C
360,D,G
360,D,P
360,D,R
360,D,H
360,D,K
360,D,D
360,D,E
360,D,X
361,L,A
361,L,V
361,L,I
361,L,L
361,L,M
361,L,F
361,L,Y
361,L,W
361,L,S
361,L,T
361,L,N
361,L,Q
361,L,C
361,L,G
361,L,P
361,L,R
361,L,H
361,L,K
361,L,D
361,L,E
361,L,X
362,L,A
362,L,V
362,L,I
362,L,L
362,L,M
362,L,F
362,L,Y
362,L,W
362,L,S
362,L,T
362,L,N
362,L,Q
362,L,C
362,L,G
362,L,P
362,L,R
362,L,H
362,L,K
362,L,D
362,L,E
362,L,X
363,P,A
363,P,V
363,P,I
363,P,L
363,P,M
363,P,F
363,P,Y
363,P,W
363,P,S
363,P,T
363,P,N
363,P,Q
363,P,C
363,P,G
363,P,P
363,P,R
363,P,H
363,P,K
363,P,D
363,P,E
363,P,X
364,T,A
364,T,V
364,T,I
364,T,L
364,T,M
364,T,F
364,T,Y
364,T,W
364,T,S
364,T,T
364,T,N
364,T,Q
364,T,C
364,T,G
364,T,P
364,T,R
364,T,H
364,T,K
364,T,D
364,T,E
364,T,X
365,S,A
365,S,V
365,S,I
365,S,L
365,S,M
365,S,F
365,S,Y
365,S,W
365,S,S
365,S,T
365,S,N
365,S,Q
365,S,C
365,S,G
365,S,P
365,S,R
365,S,H
365,S,K
365,S,D
365,S,E
365,S,X
366,L,A
366,L,V
366,L,I
366,L,L
366,L,M
366,L,F
366,L,Y
366,L,W
366,L,S
366,L,T
366,L,N
366,L,Q
366,L,C
366,L,G
366,L,P
366,L,R
366,L,H
366,L,K
366,L,D
366,L,E
366,L,X
367,P,A
367,P,V
367,P,I
367,P,L
367,P,M
367,P,F
367,P,Y
367,P,W
367,P,S
367,P,T
367,P,N
367,P,Q
367,P,C
367,P,G
367,P,P
367,P,R
367,P,H
367,P,K
367,P,D
367,P,E
367,P,X
368,H,A
368,H,V
368,H,I
368,H,L
368,H,M
368,H,F
368,H,Y
368,H,W
368,H,S
368,H,T
368,H,N
368,H,Q
368,H,C
368,H,G
368,H,P
368,H,R
368,H,H
368,H,K
368,H,D
368,H,E
368,H,X
369,A,A
369,A,V
369,A,I
369,A,L
369,A,M
369,A,F
369,A,Y
369,A,W
369,A,S
369,A,T
369,A,N
369,A,Q
369,A,C
369,A,G
369,A,P
369,A,R
369,A,H
369,A,K
369,A,D
369,A,E
369,A,X
370,V,A
370,V,V
370,V,I
370,V,L
370,V,M
370,V,F
370,V,Y
370,V,W
370,V,S
370,V,T
370,V,N
370,V,Q
370,V,C
370,V,G
370,V,P
370,V,R
370,V,H
370,V,K
370,V,D
370,V,E
370,V,X
371,T,A
371,T,V
371,T,I
371,T,L
371,T,M
371,T,F
371,T,Y
371,T,W
371,T,S
371,T,T
371,T,N
371,T,Q
371,T,C
371,T,G
371,T,P
371,T,R
371,T,H
371,T,K
371,T,D
371,T,E
371,T,X
372,C,A
372,C,V
372,C,I
372,C,L
372,C,M
372,C,F
372,C,Y
372,C,W
372,C,S
372,C,T
372,C,N
372,C,Q
372,C,C
372,C,G
372,C,P
372,C,R
372,C,H
372,C,K
372,C,D
372,C,E
372,C,X
373,D,A
373,D,V
373,D,I
373,D,L
373,D,M
373,D,F
373,D,Y
373,D,W
373,D,S
373,D,T
373,D,N
373,D,Q
373,D,C
373,D,G
373,D,P
373,D,R
373,D,H
373,D,K
373,D,D
373,D,E
373,D,X
374,I,A
374,I,V
374,I,I
374,I,L
374,I,M
374,I,F
374,I,Y
374,I,W
374,I,S
374,I,T
374,I,N
374,I,Q
374,I,C
374,I,G
374,I,P
374,I,R
374,I,H
374,I,K
374,I,D
374,I,E
374,I,X
375,K,A
375,K,V
375,K,I
375,K,L
375,K,M
375,K,F
375,K,Y
375,K,W
375,K,S
375,K,T
375,K,N
375,K,Q
375,K,C
375,K,G
375,K,P
375,K,R
375,K,H
375,K,K
375,K,D
375,K,E
375,K,X
376,F,A
376,F,V
376,F,I
376,F,L
376,F,M
376,F,F
376,F,Y
376,F,W
376,F,S
376,F,T
376,F,N
376,F,Q
376,F,C
376,F,G
376,F,P
376,F,R
376,F,H
376,F,K
376,F,D
376,F,E
376,F,X
377,R,A
377,R,V
377,R,I
377,R,L
377,R,M
377,R,F
377,R,Y
377,R,W
377,R,S
377,R,T
377,R,N
377,R,Q
377,R,C
377,R,G
377,R,P
377,R,R
377,R,H
377,R,K
377,R,D
377,R,E
377,R,X
378,N,A
378,N,V
378,N,I
378,N,L
378,N,M
378,N,F
378,N,Y
378,N,W
378,N,S
378,N,T
378,N,N
378,N,Q
378,N,C
378,N,G
378,N,P
378,N,R
378,N,H
378,N,K
378,N,D
378,N,E
378,N,X
379,Y,A
379,Y,V
379,Y,I
379,Y,L
379,Y,M
379,Y,F
379,Y,Y
379,Y,W
379,Y,S
379,Y,T
379,Y,N
379,Y,Q
379,Y,C
379,Y,G
379,Y,P
379,Y,R
379,Y,H
379,Y,K
379,Y,D
379,Y,E
379,Y,X
380,L,A
380,L,V
380,L,I
380,L,L
380,L,M
380,L,F
380,L,Y
380,L,W
380,L,S
380,L,T
380,L,N
380,L,Q
380,L,C
380,L,G
380,L,P
380,L,R
380,L,H
380,L,K
380,L,D
380,L,E
380,L,X
381,I,A
381,I,V
381,I,I
381,I,L
381,I,M
381,I,F
381,I,Y
381,I,W
381,I,S
381,I,T
381,I,N
381,I,Q
381,I,C
381,I,G
381,I,P
381,I,R
381,I,H
381,I,K
381,I,D
381,I,E
381,I,X
382,P,A
382,P,V
382,P,I
382,P,L
382,P,M
382,P,F
382,P,Y
382,P,W
382,P,S
382,P,T
382,P,N
382,P,Q
382,P,C
382,P,G
382,P,P
382,P,R
382,P,H
382,P,K
382,P,D
382,P,E
382,P,X
383,K,A
383,K,V
383,K,I
383,K,L
383,K,M
383,K,F
383,K,Y
383,K,W
383,K,S
383,K,T
383,K,N
383,K,Q
383,K,C
383,K,G
383,K,P
383,K,R
383,K,H
383,K,K
383,K,D
383,K,E
383,K,X
384,G,A
384,G,V
384,G,I
384,G,L
384,G,M
384,G,F
384,G,Y
384,G,W
384,G,S
384,G,T
384,G,N
384,G,Q
384,G,C
384,G,G
384,G,P
384,G,R
384,G,H
384,G,K
384,G,D
384,G,E
384,G,X
385,T,A
385,T,V
385,T,I
385,T,L
385,T,M
385,T,F
385,T,Y
385,T,W
385,T,S
385,T,T
385,T,N
385,T,Q
385,T,C
385,T,G
385,T,P
385,T,R
385,T,H
385,T,K
385,T,D
385,T,E
385,T,X
386,T,A
386,T,V
386,T,I
386,T,L
386,T,M
386,T,F
386,T,Y
386,T,W
386,T,S
386,T,T
386,T,N
386,T,Q
386,T,C
386,T,G
386,T,P
386,T,R
386,T,H
386,T,K
386,T,D
386,T,E
386,T,X
387,I,A
387,I,V
387,I,I
387,I,L
387,I,M
387,I,F
387,I,Y
387,I,W
387,I,S
387,I,T
387,I,N
387,I,Q
387,I,C
387,I,G
387,I,P
387,I,R
387,I,H
387,I,K
387,I,D
387,I,E
387,I,X
388,L,A
388,L,V
388,L,I
388,L,L
388,L,M
388,L,F
388,L,Y
388,L,W
388,L,S
388,L,T
388,L,N
388,L,Q
388,L,C
388,L,G
388,L,P
388,L,R
388,L,H
388,L,K
388,L,D
388,L,E
388,L,X
389,I,A
389,I,V
389,I,I
389,I,L
389,I,M
389,I,F
389,I,Y
389,I,W
389,I,S
389,I,T
389,I,N
389,I,Q
389,I,C
389,I,G
389,I,P
389,I,R
389,I,H
389,I,K
389,I,D
389,I,E
389,I,X
390,S,A
390,S,V
390,S,I
390,S,L
390,S,M
390,S,F
390,S,Y
390,S,W
390,S,S
390,S,T
390,S,N
390,S,Q
390,S,C
390,S,G
390,S,P
390,S,R
390,S,H
390,S,K
390,S,D
390,S,E
390,S,X
391,L,A
391,L,V
391,L,I
391,L,L
391,L,M
391,L,F
391,L,Y
391,L,W
391,L,S
391,L,T
391,L,N
391,L,Q
391,L,C
391,L,G
391,L,P
391,L,R
391,L,H
391,L,K
391,L,D
391,L,E
391,L,X
392,T,A
392,T,V
392,T,I
392,T,L
392,T,M
392,T,F
392,T,Y
392,T,W
392,T,S
392,T,T
392,T,N
392,T,Q
392,T,C
392,T,G
392,T,P
392,T,R
392,T,H
392,T,K
392,T,D
392,T,E
392,T,X
393,S,A
393,S,V
393,S,I
393,S,L
393,S,M
393,S,F
393,S,Y
393,S,W
393,S,S
393,S,T
393,S,N
393,S,Q
393,S,C
393,S,G
393,S,P
393,S,R
393,S,H
393,S,K
393,S,D
393,S,E
393,S,X
394,V,A
394,V,V
394,V,I
394,V,L
394,V,M
394,V,F
394,V,Y
394,V,W
394,V,S
394,V,T
394,V,N
394,V,Q
394,V,C
394,V,G
394,V,P
394,V,R
394,V,H
394,V,K
394,V,D
394,V,E
394,V,X
395,L,A
395,L,V
395,L,I
395,L,L
395,L,M
395,L,F
395,L,Y
395,L,W
395,L,S
395,L,T
395,L,N
395,L,Q
395,L,C
395,L,G
395,L,P
395,L,R
395,L,H
395,L,K
395,L,D
395,L,E
395,L,X
396,H,A
396,H,V
396,H,I
396,H,L
396,H,M
396,H,F
396,H,Y
396,H,W
396,H,S
396,H,T
396,H,N
396,H,Q
396,H,C
396,H,G
396,H,P
396,H,R
396,H,H
396,H,K
396,H,D
396,H,E
396,H,X
397,D,A
397,D,V
397,D,I
397,D,L
397,D,M
397,D,F
397,D,Y
397,D,W
397,D,S
397,D,T
397,D,N
397,D,Q
397,D,C
397,D,G
397,D,P
397,D,R
397,D,H
397,D,K
397,D,D
397,D,E
397,D,X
398,N,A
398,N,V
398,N,I
398,N,L
398,N,M
398,N,F
398,N,Y
398,N,W
398,N,S
398,N,T
398,N,N
398,N,Q
398,N,C
398,N,G
398,N,P
398,N,R
398,N,H
398,N,K
398,N,D
398,N,E
398,N,X
399,K,A
399,K,V
399,K,I
399,K,L
399,K,M
399,K,F
399,K,Y
399,K,W
399,K,S
399,K,T
399,K,N
399,K,Q
399,K,C
399,K,G
399,K,P
399,K,R
399,K,H
399,K,K
399,K,D
399,K,E
399,K,X
400,E,A
400,E,V
400,E,I
400,E,L
400,E,M
400,E,F
400,E,Y
400,E,W
400,E,S
400,E,T
400,E,N
400,E,Q
400,E,C
400,E,G
400,E,P
400,E,R
400,E,H
400,E,K
400,E,D
400,E,E
400,E,X
401,F,A
401,F,V
401,F,I
401,F,L
401,F,M
401,F,F
401,F,Y
401,F,W
401,F,S
401,F,T
401,F,N
401,F,Q
401,F,C
401,F,G
401,F,P
401,F,R
401,F,H
401,F,K
401,F,D
401,F,E
401,F,X
402,P,A
402,P,V
402,P,I
402,P,L
402,P,M
402,P,F
402,P,Y
402,P,W
402,P,S
402,P,T
402,P,N
402,P,Q
402,P,C
402,P,G
402,P,P
402,P,R
402,P,H
402,P,K
402,P,D
402,P,E
402,P,X
403,N,A
403,N,V
403,N,I
403,N,L
403,N,M
403,N,F
403,N,Y
403,N,W
403,N,S
403,N,T
403,N,N
403,N,Q
403,N,C
403,N,G
403,N,P
403,N,R
403,N,H
403,N,K
403,N,D
403,N,E
403,N,X
404,P,A
404,P,V
404,P,I
404,P,L
404,P,M
404,P,F
404,P,Y
404,P,W
404,P,S
404,P,T
404,P,N
404,P,Q
404,P,C
404,P,G
404,P,P
404,P,R
404,P,H
404,P,K
404,P,D
404,P,E
404,P,X
405,E,A
405,E,V
405,E,I
405,E,L
405,E,M
405,E,F
405,E,Y
405,E,W
405,E,S
405,E,T
405,E,N
405,E,Q
405,E,C
405,E,G
405,E,P
405,E,R
405,E,H
405,E,K
405,E,D
405,E,E
405,E,X
406,M,A
406,M,V
406,M,I
406,M,L
406,M,M
406,M,F
406,M,Y
406,M,W
406,M,S
406,M,T
406,M,N
406,M,Q
406,M,C
406,M,G
406,M,P
406,M,R
406,M,H
406,M,K
406,M,D
406,M,E
406,M,X
407,F,A
407,F,V
407,F,I
407,F,L
407,F,M
407,F,F
407,F,Y
407,F,W
407,F,S
407,F,T
407,F,N
407,F,Q
407,F,C
407,F,G
407,F,P
407,F,R
407,F,H
407,F,K
407,F,D
407,F,E
407,F,X
408,D,A
408,D,V
408,D,I
408,D,L
408,D,M
408,D,F
408,D,Y
408,D,W
408,D,S
408,D,T
408,D,N
408,D,Q
408,D,C
408,D,G
408,D,P
408,D,R
408,D,H
408,D,K
408,D,D
408,D,E
408,D,X
409,P,A
409,P,V
409,P,I
409,P,L
409,P,M
409,P,F
409,P,Y
409,P,W
409,P,S
409,P,T
409,P,N
409,P,Q
409,P,C
409,P,G
409,P,P
409,P,R
409,P,H
409,P,K
409,P,D
409,P,E
409,P,X
410,H,A
410,H,V
410,H,I
410,H,L
410,H,M
410,H,F
410,H,Y
410,H,W
410,H,S
410,H,T
410,H,N
410,H,Q
410,H,C
410,H,G
410,H,P
410,H,R
410,H,H
410,H,K
410,H,D
410,H,E
410,H,X
411,H,A
411,H,V
411,H,I
411,H,L
411,H,M
411,H,F
411,H,Y
411,H,W
411,H,S
411,H,T
411,H,N
411,H,Q
411,H,C
411,H,G
411,H,P
411,H,R
411,H,H
411,H,K
411,H,D
411,H,E
411,H,X
412,F,A
412,F,V
412,F,I
412,F,L
412,F,M
412,F,F
412,F,Y
412,F,W
412,F,S
412,F,T
412,F,N
412,F,Q
412,F,C
412,F,G
412,F,P
412,F,R
412,F,H
412,F,K
412,F,D
412,F,E
412,F,X
413,L,A
413,L,V
413,L,I
413,L,L
413,L,M
413,L,F
413,L,Y
413,L,W
413,L,S
413,L,T
413,L,N
413,L,Q
413,L,C
413,L,G
413,L,P
413,L,R
413,L,H
413,L,K
413,L,D
413,L,E
413,L,X
414,D,A
414,D,V
414,D,I
414,D,L
414,D,M
414,D,F
414,D,Y
414,D,W
414,D,S
414,D,T
414,D,N
414,D,Q
414,D,C
414,D,G
414,D,P
414,D,R
414,D,H
414,D,K
414,D,D
414,D,E
414,D,X
415,E,A
415,E,V
415,E,I
415,E,L
415,E,M
415,E,F
415,E,Y
415,E,W
415,E,S
415,E,T
415,E,N
415,E,Q
415,E,C
415,E,G
415,E,P
415,E,R
415,E,H
415,E,K
415,E,D
415,E,E
415,E,X
416,G,A
416,G,V
416,G,I
416,G,L
416,G,M
416,G,F
416,G,Y
416,G,W
416,G,S
416,G,T
416,G,N
416,G,Q
416,G,C
416,G,G
416,G,P
416,G,R
416,G,H
416,G,K
416,G,D
416,G,E
416,G,X
417,G,A
417,G,V
417,G,I
417,G,L
417,G,M
417,G,F
417,G,Y
417,G,W
417,G,S
417,G,T
417,G,N
417,G,Q
417,G,C
417,G,G
417,G,P
417,G,R
417,G,H
417,G,K
417,G,D
417,G,E
417,G,X
418,N,A
418,N,V
418,N,I
418,N,L
418,N,M
418,N,F
418,N,Y
418,N,W
418,N,S
418,N,T
418,N,N
418,N,Q
418,N,C
418,N,G
418,N,P
418,N,R
418,N,H
418,N,K
418,N,D
418,N,E
418,N,X
419,F,A
419,F,V
419,F,I
419,F,L
419,F,M
419,F,F
419,F,Y
419,F,W
419,F,S
419,F,T
419,F,N
419,F,Q
419,F,C
419,F,G
419,F,P
419,F,R
419,F,H
419,F,K
419,F,D
419,F,E
419,F,X
420,K,A
420,K,V
420,K,I
420,K,L
420,K,M
420,K,F
420,K,Y
420,K,W
420,K,S
420,K,T
420,K,N
420,K,Q
420,K,C
420,K,G
420,K,P
420,K,R
420,K,H
420,K,K
420,K,D
420,K,E
420,K,X
421,K,A
421,K,V
421,K,I
421,K,L
421,K,M
421,K,F
421,K,Y
421,K,W
421,K,S
421,K,T
421,K,N
421,K,Q
421,K,C
421,K,G
421,K,P
421,K,R
421,K,H
421,K,K
421,K,D
421,K,E
421,K,X
422,S,A
422,S,V
422,S,I
422,S,L
422,S,M
422,S,F
422,S,Y
422,S,W
422,S,S
422,S,T
422,S,N
422,S,Q
422,S,C
422,S,G
422,S,P
422,S,R
422,S,H
422,S,K
422,S,D
422,S,E
422,S,X
423,K,A
423,K,V
423,K,I
423,K,L
423,K,M
423,K,F
423,K,Y
423,K,W
423,K,S
423,K,T
423,K,N
423,K,Q
423,K,C
423,K,G
423,K,P
423,K,R
423,K,H
423,K,K
423,K,D
423,K,E
423,K,X
424,Y,A
424,Y,V
424,Y,I
424,Y,L
424,Y,M
424,Y,F
424,Y,Y
424,Y,W
424,Y,S
424,Y,T
424,Y,N
424,Y,Q
424,Y,C
424,Y,G
424,Y,P
424,Y,R
424,Y,H
424,Y,K
424,Y,D
424,Y,E
424,Y,X
425,F,A
425,F,V
425,F,I
425,F,L
425,F,M
425,F,F
425,F,Y
425,F,W
425,F,S
425,F,T
425,F,N
425,F,Q
425,F,C
425,F,G
425,F,P
425,F,R
425,F,H
425,F,K
425,F,D
425,F,E
425,F,X
426,M,A
426,M,V
426,M,I
426,M,L
426,M,M
426,M,F
426,M,Y
426,M,W
426,M,S
426,M,T
426,M,N
426,M,Q
426,M,C
426,M,G
426,M,P
426,M,R
426,M,H
426,M,K
426,M,D
426,M,E
426,M,X
427,P,A
427,P,V
427,P,I
427,P,L
427,P,M
427,P,F
427,P,Y
427,P,W
427,P,S
427,P,T
427,P,N
427,P,Q
427,P,C
427,P,G
427,P,P
427,P,R
427,P,H
427,P,K
427,P,D
427,P,E
427,P,X
428,F,A
428,F,V
428,F,I
428,F,L
428,F,M
428,F,F
428,F,Y
428,F,W
428,F,S
428,F,T
428,F,N
428,F,Q
428,F,C
428,F,G
428,F,P
428,F,R
428,F,H
428,F,K
428,F,D
428,F,E
428,F,X
429,S,A
429,S,V
429,S,I
429,S,L
429,S,M
429,S,F
429,S,Y
429,S,W
429,S,S
429,S,T
429,S,N
429,S,Q
429,S,C
429,S,G
429,S,P
429,S,R
429,S,H
429,S,K
429,S,D
429,S,E
429,S,X
430,A,A
430,A,V
430,A,I
430,A,L
430,A,M
430,A,F
430,A,Y
430,A,W
430,A,S
430,A,T
430,A,N
430,A,Q
430,A,C
430,A,G
430,A,P
430,A,R
430,A,H
430,A,K
430,A,D
430,A,E
430,A,X
431,G,A
431,G,V
431,G,I
431,G,L
431,G,M
431,G,F
431,G,Y
431,G,W
431,G,S
431,G,T
431,G,N
431,G,Q
431,G,C
431,G,G
431,G,P
431,G,R
431,G,H
431,G,K
431,G,D
431,G,E
431,G,X
432,K,A
432,K,V
432,K,I
432,K,L
432,K,M
432,K,F
432,K,Y
432,K,W
432,K,S
432,K,T
432,K,N
432,K,Q
432,K,C
432,K,G
432,K,P
432,K,R
432,K,H
432,K,K
432,K,D
432,K,E
432,K,X
433,R,A
433,R,V
433,R,I
433,R,L
433,R,M
433,R,F
433,R,Y
433,R,W
433,R,S
433,R,T
433,R,N
433,R,Q
433,R,C
433,R,G
433,R,P
433,R,R
433,R,H
433,R,K
433,R,D
433,R,E
433,R,X
434,I,A
434,I,V
434,I,I
434,I,L
434,I,M
434,I,F
434,I,Y
434,I,W
434,I,S
434,I,T
434,I,N
434,I,Q
434,I,C
434,I,G
434,I,P
434,I,R
434,I,H
434,I,K
434,I,D
434,I,E
434,I,X
435,C,A
435,C,V
435,C,I
435,C,L
435,C,M
435,C,F
435,C,Y
435,C,W
435,C,S
435,C,T
435,C,N
435,C,Q
435,C,C
435,C,G
435,C,P
435,C,R
435,C,H
435,C,K
435,C,D
435,C,E
435,C,X
436,V,A
436,V,V
436,V,I
436,V,L
436,V,M
436,V,F
436,V,Y
436,V,W
436,V,S
436,V,T
436,V,N
436,V,Q
436,V,C
436,V,G
436,V,P
436,V,R
436,V,H
436,V,K
436,V,D
436,V,E
436,V,X
437,G,A
437,G,V
437,G,I
437,G,L
437,G,M
437,G,F
437,G,Y
437,G,W
437,G,S
437,G,T
437,G,N
437,G,Q
437,G,C
437,G,G
437,G,P
437,G,R
437,G,H
437,G,K
437,G,D
437,G,E
437,G,X
438,E,A
438,E,V
438,E,I
438,E,L
438,E,M
438,E,F
438,E,Y
438,E,W
438,E,S
438,E,T
438,E,N
438,E,Q
438,E,C
438,E,G
438,E,P
438,E,R
438,E,H
438,E,K
438,E,D
438,E,E
438,E,X
439,A,A
439,A,V
439,A,I
439,A,L
439,A,M
439,A,F
439,A,Y
439,A,W
439,A,S
439,A,T
439,A,N
439,A,Q
439,A,C
439,A,G
439,A,P
439,A,R
439,A,H
439,A,K
439,A,D
439,A,E
439,A,X
440,L,A
440,L,V
440,L,I
440,L,L
440,L,M
440,L,F
440,L,Y
440,L,W
440,L,S
440,L,T
440,L,N
440,L,Q
440,L,C
440,L,G
440,L,P
440,L,R
440,L,H
440,L,K
440,L,D
440,L,E
440,L,X
441,A,A
441,A,V
441,A,I
441,A,L
441,A,M
441,A,F
441,A,Y
441,A,W
441,A,S
441,A,T
441,A,N
441,A,Q
441,A,C
441,A,G
441,A,P
441,A,R
441,A,H
441,A,K
441,A,D
441,A,E
441,A,X
442,G,A
442,G,V
442,G,I
442,G,L
442,G,M
442,G,F
442,G,Y
442,G,W
442,G,S
442,G,T
442,G,N
442,G,Q
442,G,C
442,G,G
442,G,P
442,G,R
442,G,H
442,G,K
442,G,D
442,G,E
442,G,X
443,M,A
443,M,V
443,M,I
443,M,L
443,M,M
443,M,F
443,M,Y
443,M,W
443,M,S
443,M,T
443,M,N
443,M,Q
443,M,C
443,M,G
443,M,P
443,M,R
443,M,H
443,M,K
443,M,D
443,M,E
443,M,X
444,E,A
444,E,V
444,E,I
444,E,L
444,E,M
444,E,F
444,E,Y
444,E,W
444,E,S
444,E,T
444,E,N
444,E,Q
444,E,C
444,E,G
444,E,P
444,E,R
444,E,H
444,E,K
444,E,D
444,E,E
444,E,X
445,L,A
445,L,V
445,L,I
445,L,L
445,L,M
445,L,F
445,L,Y
445,L,W
445,L,S
445,L,T
445,L,N
445,L,Q
445,L,C
445,L,G
445,L,P
445,L,R
445,L,H
445,L,K
445,L,D
445,L,E
445,L,X
446,F,A
446,F,V
446,F,I
446,F,L
446,F,M
446,F,F
446,F,Y
446,F,W
446,F,S
446,F,T
446,F,N
446,F,Q
446,F,C
446,F,G
446,F,P
446,F,R
446,F,H
446,F,K
446,F,D
446,F,E
446,F,X
447,L,A
447,L,V
447,L,I
447,L,L
447,L,M
447,L,F
447,L,Y
447,L,W
447,L,S
447,L,T
447,L,N
447,L,Q
447,L,C
447,L,G
447,L,P
447,L,R
447,L,H
447,L,K
447,L,D
447,L,E
447,L,X
448,F,A
448,F,V
448,F,I
448,F,L
448,F,M
448,F,F
448,F,Y
448,F,W
448,F,S
448,F,T
448,F,N
448,F,Q
448,F,C
448,F,G
448,F,P
448,F,R
448,F,H
448,F,K
448,F,D
448,F,E
448,F,X
449,L,A
449,L,V
449,L,I
449,L,L
449,L,M
449,L,F
449,L,Y
449,L,W
449,L,S
449,L,T
449,L,N
449,L,Q
449,L,C
449,L,G
449,L,P
449,L,R
449,L,H
449,L,K
449,L,D
449,L,E
449,L,X
450,T,A
450,T,V
450,T,I
450,T,L
450,T,M
450,T,F
450,T,Y
450,T,W
450,T,S
450,T,T
450,T,N
450,T,Q
450,T,C
450,T,G
450,T,P
450,T,R
450,T,H
450,T,K
450,T,D
450,T,E
450,T,X
451,S,A
451,S,V
451,S,I
451,S,L
451,S,M
451,S,F
451,S,Y
451,S,W
451,S,S
451,S,T
451,S,N
451,S,Q
451,S,C
451,S,G
451,S,P
451,S,R
451,S,H
451,S,K
451,S,D
451,S,E
451,S,X
452,I,A
452,I,V
452,I,I
452,I,L
452,I,M
452,I,F
452,I,Y
452,I,W
452,I,S
452,I,T
452,I,N
452,I,Q
452,I,C
452,I,G
452,I,P
452,I,R
452,I,H
452,I,K
452,I,D
452,I,E
452,I,X
453,L,A
453,L,V
453,L,I
453,L,L
453,L,M
453,L,F
453,L,Y
453,L,W
453,L,S
453,L,T
453,L,N
453,L,Q
453,L,C
453,L,G
453,L,P
453,L,R
453,L,H
453,L,K
453,L,D
453,L,E
453,L,X
454,Q,A
454,Q,V
454,Q,I
454,Q,L
454,Q,M
454,Q,F
454,Q,Y
454,Q,W
454,Q,S
454,Q,T
454,Q,N
454,Q,Q
454,Q,C
454,Q,G
454,Q,P
454,Q,R
454,Q,H
454,Q,K
454,Q,D
454,Q,E
454,Q,X
455,N,A
455,N,V
455,N,I
455,N,L
455,N,M
455,N,F
455,N,Y
455,N,W
455,N,S
455,N,T
455,N,N
455,N,Q
455,N,C
455,N,G
455,N,P
455,N,R
455,N,H
455,N,K
455,N,D
455,N,E
455,N,X
456,F,A
456,F,V
456,F,I
456,F,L
456,F,M
456,F,F
456,F,Y
456,F,W
456,F,S
456,F,T
456,F,N
456,F,Q
456,F,C
456,F,G
456,F,P
456,F,R
456,F,H
456,F,K
456,F,D
456,F,E
456,F,X
457,N,A
457,N,V
457,N,I
457,N,L
457,N,M
457,N,F
457,N,Y
457,N,W
457,N,S
457,N,T
457,N,N
457,N,Q
457,N,C
457,N,G
457,N,P
457,N,R
457,N,H
457,N,K
457,N,D
457,N,E
457,N,X
458,L,A
458,L,V
458,L,I
458,L,L
458,L,M
458,L,F
458,L,Y
458,L,W
458,L,S
458,L,T
458,L,N
458,L,Q
458,L,C
458,L,G
458,L,P
458,L,R
458,L,H
458,L,K
458,L,D
458,L,E
458,L,X
459,K,A
459,K,V
459,K,I
459,K,L
459,K,M
459,K,F
459,K,Y
459,K,W
459,K,S
459,K,T
459,K,N
459,K,Q
459,K,C
459,K,G
459,K,P
459,K,R
459,K,H
459,K,K
459,K,D
459,K,E
459,K,X
460,S,A
460,S,V
460,S,I
460,S,L
460,S,M
460,S,F
460,S,Y
460,S,W
460,S,S
460,S,T
460,S,N
460,S,Q
460,S,C
460,S,G
460,S,P
460,S,R
460,S,H
460,S,K
460,S,D
460,S,E
460,S,X
461,L,A
461,L,V
461,L,I
461,L,L
461,L,M
461,L,F
461,L,Y
461,L,W
461,L,S
461,L,T
461,L,N
461,L,Q
461,L,C
461,L,G
461,L,P
461,L,R
461,L,H
461,L,K
461,L,D
461,L,E
461,L,X
462,V,A
462,V,V
462,V,I
462,V,L
462,V,M
462,V,F
462,V,Y
462,V,W
462,V,S
462,V,T
462,V,N
462,V,Q
462,V,C
462,V,G
462,V,P
462,V,R
462,V,H
462,V,K
462,V,D
462,V,E
462,V,X
463,D,A
463,D,V
463,D,I
463,D,L
463,D,M
463,D,F
463,D,Y
463,D,W
463,D,S
463,D,T
463,D,N
463,D,Q
463,D,C
463,D,G
463,D,P
463,D,R
463,D,H
463,D,K
463,D,D
463,D,E
463,D,X
464,P,A
464,P,V
464,P,I
464,P,L
464,P,M
464,P,F
464,P,Y
464,P,W
464,P,S
464,P,T
464,P,N
464,P,Q
464,P,C
464,P,G
464,P,P
464,P,R
464,P,H
464,P,K
464,P,D
464,P,E
464,P,X
465,K,A
465,K,V
465,K,I
465,K,L
465,K,M
465,K,F
465,K,Y
465,K,W
465,K,S
465,K,T
465,K,N
465,K,Q
465,K,C
465,K,G
465,K,P
465,K,R
465,K,H
465,K,K
465,K,D
465,K,E
465,K,X
466,N,A
466,N,V
466,N,I
466,N,L
466,N,M
466,N,F
466,N,Y
466,N,W
466,N,S
466,N,T
466,N,N
466,N,Q
466,N,C
466,N,G
466,N,P
466,N,R
466,N,H
466,N,K
466,N,D
466,N,E
466,N,X
467,L,A
467,L,V
467,L,I
467,L,L
467,L,M
467,L,F
467,L,Y
467,L,W
467,L,S
467,L,T
467,L,N
467,L,Q
467,L,C
467,L,G
467,L,P
467,L,R
467,L,H
467,L,K
467,L,D
467,L,E
467,L,X
468,D,A
468,D,V
468,D,I
468,D,L
468,D,M
468,D,F
468,D,Y
468,D,W
468,D,S
468,D,T
468,D,N
468,D,Q
468,D,C
468,D,G
468,D,P
468,D,R
468,D,H
468,D,K
468,D,D
468,D,E
468,D,X
469,T,A
469,T,V
469,T,I
469,T,L
469,T,M
469,T,F
469,T,Y
469,T,W
469,T,S
469,T,T
469,T,N
469,T,Q
469,T,C
469,T,G
469,T,P
469,T,R
469,T,H
469,T,K
469,T,D
469,T,E
469,T,X
470,T,A
470,T,V
470,T,I
470,T,L
470,T,M
470,T,F
470,T,Y
470,T,W
470,T,S
470,T,T
470,T,N
470,T,Q
470,T,C
470,T,G
470,T,P
470,T,R
470,T,H
470,T,K
470,T,D
470,T,E
470,T,X
471,P,A
471,P,V
471,P,I
471,P,L
471,P,M
471,P,F
471,P,Y
471,P,W
471,P,S
471,P,T
471,P,N
471,P,Q
471,P,C
471,P,G
471,P,P
471,P,R
471,P,H
471,P,K
471,P,D
471,P,E
471,P,X
472,V,A
472,V,V
472,V,I
472,V,L
472,V,M
472,V,F
472,V,Y
472,V,W
472,V,S
472,V,T
472,V,N
472,V,Q
472,V,C
472,V,G
472,V,P
472,V,R
472,V,H
472,V,K
472,V,D
472,V,E
472,V,X
473,V,A
473,V,V
473,V,I
473,V,L
473,V,M
473,V,F
473,V,Y
473,V,W
473,V,S
473,V,T
473,V,N
473,V,Q
473,V,C
473,V,G
473,V,P
473,V,R
473,V,H
473,V,K
473,V,D
473,V,E
473,V,X
474,N,A
474,N,V
474,N,I
474,N,L
474,N,M
474,N,F
474,N,Y
474,N,W
474,N,S
474,N,T
474,N,N
474,N,Q
474,N,C
474,N,G
474,N,P
474,N,R
474,N,H
474,N,K
474,N,D
474,N,E
474,N,X
475,G,A
475,G,V
475,G,I
475,G,L
475,G,M
475,G,F
475,G,Y
475,G,W
475,G,S
475,G,T
475,G,N
475,G,Q
475,G,C
475,G,G
475,G,P
475,G,R
475,G,H
475,G,K
475,G,D
475,G,E
475,G,X
476,F,A
476,F,V
476,F,I
476,F,L
476,F,M
476,F,F
476,F,Y
476,F,W
476,F,S
476,F,T
476,F,N
476,F,Q
476,F,C
476,F,G
476,F,P
476,F,R
476,F,H
476,F,K
476,F,D
476,F,E
476,F,X
477,A,A
477,A,V
477,A,I
477,A,L
477,A,M
477,A,F
477,A,Y
477,A,W
477,A,S
477,A,T
477,A,N
477,A,Q
477,A,C
477,A,G
477,A,P
477,A,R
477,A,H
477,A,K
477,A,D
477,A,E
477,A,X
478,S,A
478,S,V
478,S,I
478,S,L
478,S,M
478,S,F
478,S,Y
478,S,W
478,S,S
478,S,T
478,S,N
478,S,Q
478,S,C
478,S,G
478,S,P
478,S,R
478,S,H
478,S,K
478,S,D
478,S,E
478,S,X
479,V,A
479,V,V
479,V,I
479,V,L
479,V,M
479,V,F
479,V,Y
479,V,W
479,V,S
479,V,T
479,V,N
479,V,Q
479,V,C
479,V,G
479,V,P
479,V,R
479,V,H
479,V,K
479,V,D
479,V,E
479,V,X
480,P,A
480,P,V
480,P,I
480,P,L
480,P,M
480,P,F
480,P,Y
480,P,W
480,P,S
480,P,T
480,P,N
480,P,Q
480,P,C
480,P,G
480,P,P
480,P,R
480,P,H
480,P,K
480,P,D
480,P,E
480,P,X
481,P,A
481,P,V
481,P,I
481,P,L
481,P,M
481,P,F
481,P,Y
481,P,W
481,P,S
481,P,T
481,P,N
481,P,Q
481,P,C
481,P,G
481,P,P
481,P,R
481,P,H
481,P,K
481,P,D
481,P,E
481,P,X
482,F,A
482,F,V
482,F,I
482,F,L
482,F,M
482,F,F
482,F,Y
482,F,W
482,F,S
482,F,T
482,F,N
482,F,Q
482,F,C
482,F,G
482,F,P
482,F,R
482,F,H
482,F,K
482,F,D
482,F,E
482,F,X
483,Y,A
483,Y,V
483,Y,I
483,Y,L
483,Y,M
483,Y,F
483,Y,Y
483,Y,W
483,Y,S
483,Y,T
483,Y,N
483,Y,Q
483,Y,C
483,Y,G
483,Y,P
483,Y,R
483,Y,H
483,Y,K
483,Y,D
483,Y,E
483,Y,X
484,Q,A
484,Q,V
484,Q,I
484,Q,L
484,Q,M
484,Q,F
484,Q,Y
484,Q,W
484,Q,S
484,Q,T
484,Q,N
484,Q,Q
484,Q,C
484,Q,G
484,Q,P
484,Q,R
484,Q,H
484,Q,K
484,Q,D
484,Q,E
484,Q,X
485,L,A
485,L,V
485,L,I
485,L,L
485,L,M
485,L,F
485,L,Y
485,L,W
485,L,S
485,L,T
485,L,N
485,L,Q
485,L,C
485,L,G
485,L,P
485,L,R
485,L,H
485,L,K
485,L,D
485,L,E
485,L,X
486,C,A
486,C,V
486,C,I
486,C,L
486,C,M
486,C,F
486,C,Y
486,C,W
486,C,S
486,C,T
486,C,N
486,C,Q
486,C,C
486,C,G
486,C,P
486,C,R
486,C,H
486,C,K
486,C,D
486,C,E
486,C,X
487,F,A
487,F,V
487,F,I
487,F,L
487,F,M
487,F,F
487,F,Y
487,F,W
487,F,S
487,F,T
487,F,N
487,F,Q
487,F,C
487,F,G
487,F,P
487,F,R
487,F,H
487,F,K
487,F,D
487,F,E
487,F,X
488,I,A
488,I,V
488,I,I
488,I,L
488,I,M
488,I,F
488,I,Y
488,I,W
488,I,S
488,I,T
488,I,N
488,I,Q
488,I,C
488,I,G
488,I,P
488,I,R
488,I,H
488,I,K
488,I,D
488,I,E
488,I,X
489,P,A
489,P,V
489,P,I
489,P,L
489,P,M
489,P,F
489,P,Y
489,P,W
489,P,S
489,P,T
489,P,N
489,P,Q
489,P,C
489,P,G
489,P,P
489,P,R
489,P,H
489,P,K
489,P,D
489,P,E
489,P,X
490,V,A
490,V,V
490,V,I
490,V,L
490,V,M
490,V,F
490,V,Y
490,V,W
490,V,S
490,V,T
490,V,N
490,V,Q
490,V,C
490,V,G
490,V,P
490,V,R
490,V,H
490,V,K
490,V,D
490,V,E
490,V,X
